City,Date,Temp_Range,9PM_Ask,Ending_Cost,Won
NY,JUL-20-2024,86° to 87°,40,0,Lost
CHI,JUL-20-2024,82° to 83°,38,0,Lost
MIA,JUL-20-2024,91° to 92°,50,0,Won
NY,JUL-21-2024,86° to 87°,44,0,Lost
CHI,JUL-21-2024,84° to 85°,43,0,Won
MIA,JUL-21-2024,92° to 93°,59,0,Won
NY,JUL-22-2024,85° to 86°,44,0,Lost
CHI,JUL-22-2024,83° to 84°,43,0,Won
MIA,JUL-22-2024,89° to 90°,51,0,Won
NY,JAN-01-2024,42° to 43°,95,0,Lost
CHI,JAN-01-2024,35° to 36°,99,0,Lost
MIA,JAN-01-2024,73° to 74°,95,0,Won
NY,JAN-02-2024,46° to 47°,99,0,Lost
CHI,JAN-02-2024,35° to 36°,99,0,Lost
MIA,JAN-02-2024,71° to 72°,95,0,Won
NY,JAN-03-2024,42° to 43°,79,0,Won
CHI,JAN-03-2024,30° or below,90,0,Lost
MIA,JAN-03-2024,69° or below,95,0,Lost
NY,JAN-04-2024,40° or below,95,0,Lost
CHI,JAN-04-2024,30° or below,97,0,Lost
MIA,JAN-04-2024,83° or above,93,0,Lost
NY,JAN-05-2024,37° to 38°,44,0,Won
CHI,JAN-05-2024,35° to 36°,100,0,Lost
MIA,JAN-05-2024,76° to 77°,52,0,Lost
NY,JAN-06-2024,41° to 42°,87,0,Lost
CHI,JAN-06-2024,33° to 34°,95,0,Lost
MIA,JAN-06-2024,76° to 77°,89,0,Lost
NY,JAN-07-2024,30° or below,95,0,Lost
CHI,JAN-07-2024,33° to 34°,99,0,Lost
MIA,JAN-07-2024,72° or below,97,0,Lost
NY,JAN-08-2024,42° to 43°,43,0,Lost
CHI,JAN-08-2024,32° or below,59,0,Lost
MIA,JAN-08-2024,75° to 76°,52,0,Won
NY,JAN-09-2024,46° or below,99,0,Lost
CHI,JAN-09-2024,32° or below,99,0,Lost
MIA,JAN-09-2024,75° or below,99,0,Lost
NY,JAN-10-2024,54° or above,99,0,Won
CHI,JAN-10-2024,33° to 34°,99,0,Lost
MIA,JAN-10-2024,75° to 76°,99,0,Lost
NY,JAN-11-2024,47° to 48°,41,0,Won
CHI,JAN-11-2024,35° to 36°,50,0,Won
MIA,JAN-11-2024,76° to 77°,54,0,Lost
CHI,JAN-12-2024,34° to 35°,99,0,Lost
MIA,JAN-12-2024,84° or above,59,0,Won
NY,JAN-13-2024,54° to 55°,97,0,Lost
CHI,JAN-13-2024,28° or above,100,0,Won
MIA,JAN-13-2024,81° to 82°,45,0,Lost
NY,JAN-14-2024,42° to 43°,100,0,Lost
CHI,JAN-14-2024,5° to 6°,49,0,Lost
MIA,JAN-14-2024,73° to 74°,51,0,Lost
NY,JAN-15-2024,31° to 32°,46,0,Lost
CHI,JAN-15-2024,1° to 2°,45,0,Lost
MIA,JAN-15-2024,81° to 82°,49,0,Won
NY,JAN-16-2024,34° to 35°,49,0,Lost
CHI,JAN-16-2024,3° to 4°,48,0,Lost
MIA,JAN-16-2024,83° to 84°,49,0,Lost
NY,JAN-17-2024,26° to 27°,41,0,Lost
CHI,JAN-17-2024,23° to 24°,95,0,Won
MIA,JAN-17-2024,76° or above,99,0,Lost
NY,JAN-18-2024,35° to 36°,98,0,Lost
CHI,JAN-18-2024,24° to 25°,44,0,Lost
MIA,JAN-18-2024,76° to 77°,84,0,Lost
NY,JAN-19-2024,28° to 29°,99,0,Lost
CHI,JAN-19-2024,16° to 17°,45,0,Won
MIA,JAN-19-2024,79° to 80°,72,0,Lost
NY,JAN-20-2024,24° to 25°,55,0,Lost
CHI,JAN-20-2024,13° to 14°,44,0,Lost
MIA,JAN-20-2024,69° to 70°,99,0,Lost
NY,JAN-21-2024,31° to 32°,49,0,Won
CHI,JAN-21-2024,24° or above,48,0,Lost
MIA,JAN-21-2024,68° to 69°,48,0,Lost
NY,JAN-22-2024,37° to 38°,43,0,Won
CHI,JAN-22-2024,31° to 32°,46,0,Lost
MIA,JAN-22-2024,73° to 74°,41,0,Lost
NY,JAN-23-2024,38° to 39°,53,0,Lost
CHI,JAN-23-2024,36° to 37°,44,0,Lost
MIA,JAN-23-2024,78° to 79°,53,0,Lost
NY,JAN-24-2024,43° to 44°,98,0,Lost
CHI,JAN-24-2024,41° or above,53,0,Lost
MIA,JAN-24-2024,77° to 78°,96,0,Lost
NY,JAN-25-2024,52° to 53°,41,0,Lost
CHI,JAN-25-2024,41° or above,65,0,Won
MIA,JAN-25-2024,77° to 78°,89,0,Lost
NY,JAN-26-2024,50° or above,62,0,Lost
CHI,JAN-26-2024,40° to 41°,56,0,Lost
MIA,JAN-26-2024,79° to 80°,98,0,Lost
NY,JAN-27-2024,46° to 47°,46,0,Lost
CHI,JAN-27-2024,41° to 42°,51,0,Won
MIA,JAN-27-2024,79° to 80°,99,0,Lost
NY,JAN-28-2024,43° to 44°,48,0,Won
CHI,JAN-28-2024,39° to 40°,46,0,Lost
MIA,JAN-28-2024,85° to 86°,47,0,Won
NY,JAN-29-2024,42° to 43°,47,0,Lost
CHI,JAN-29-2024,42° to 43°,38,0,Lost
MIA,JAN-29-2024,69° to 70°,45,0,Lost
NY,JAN-30-2024,37° to 38°,43,0,Won
CHI,JAN-30-2024,41° to 42°,44,0,Won
MIA,JAN-30-2024,75° or above,99,0,Lost
NY,JAN-31-2024,41° to 42°,56,0,Lost
CHI,JAN-31-2024,46° to 47°,43,0,Lost
MIA,JAN-31-2024,74° to 75°,60,0,Lost
NY,FEB-01-2024,51° to 52°,89,0,Lost
CHI,FEB-01-2024,49° to 50°,99,0,Lost
MIA,FEB-01-2024,74° to 75°,66,0,Won
NY,FEB-02-2024,41° to 42°,92,0,Lost
CHI,FEB-02-2024,38° or below,99,0,Lost
MIA,FEB-02-2024,77° to 78°,61,0,Won
NY,FEB-03-2024,42° to 43°,52,0,Won
CHI,FEB-03-2024,49° or above,58,0,Lost
MIA,FEB-03-2024,73° to 74°,99,0,Lost
NY,FEB-04-2024,44° to 45°,53,0,Lost
CHI,FEB-04-2024,46° to 47°,99,0,Won
MIA,FEB-04-2024,78° to 79°,50,0,Lost
NY,FEB-05-2024,46° to 47°,48,0,Lost
CHI,FEB-05-2024,48° or above,54,0,Lost
MIA,FEB-05-2024,66° to 67°,97,0,Lost
NY,FEB-06-2024,41° to 42°,60,0,Won
CHI,FEB-06-2024,48° to 49°,39,0,Lost
MIA,FEB-06-2024,69° to 70°,57,0,Lost
NY,FEB-07-2024,48° to 49°,100,0,Won
CHI,FEB-07-2024,46° or below,99,0,Lost
MIA,FEB-07-2024,75° to 76°,51,0,Lost
NY,FEB-08-2024,48° to 49°,55,0,Lost
CHI,FEB-08-2024,60° or above,52,0,Won
MIA,FEB-08-2024,76° to 77°,58,0,Won
NY,FEB-09-2024,53° to 54°,43,0,Lost
CHI,FEB-09-2024,59° to 60°,51,0,Lost
MIA,FEB-09-2024,77° to 78°,66,0,Lost
NY,FEB-10-2024,58° to 59°,37,0,Lost
CHI,FEB-10-2024,45° or above,54,0,Lost
MIA,FEB-10-2024,77° to 78°,58,0,Won
NY,FEB-11-2024,52° to 53°,56,0,Lost
CHI,FEB-11-2024,42° to 43°,52,0,Won
MIA,FEB-11-2024,80° to 81°,68,0,Won
NY,FEB-12-2024,49° to 50°,44,0,Lost
CHI,FEB-12-2024,47° or above,56,0,Lost
MIA,FEB-12-2024,79° to 80°,96,0,Lost
NY,FEB-13-2024,40° or above,95,0,Won
CHI,FEB-13-2024,42° to 43°,44,0,Won
MIA,FEB-13-2024,81° to 82°,70,0,Won
NY,FEB-14-2024,37° to 38°,49,0,Won
CHI,FEB-14-2024,45° to 46°,44,0,Lost
MIA,FEB-14-2024,76° to 77°,53,0,Lost
NY,FEB-15-2024,36° to 37°,97,0,Lost
CHI,FEB-15-2024,44° or above,90,0,Won
MIA,FEB-15-2024,78° to 79°,68,0,Won
NY,FEB-16-2024,43° to 44°,46,0,Won
CHI,FEB-16-2024,35° to 36°,43,0,Lost
MIA,FEB-16-2024,80° to 81°,66,0,Lost
NY,FEB-17-2024,38° to 39°,47,0,Lost
CHI,FEB-17-2024,31° to 32°,45,0,Lost
MIA,FEB-17-2024,82° to 83°,50,0,Lost
NY,FEB-18-2024,39° to 40°,44,0,Won
CHI,FEB-18-2024,43° to 44°,44,0,Lost
MIA,FEB-18-2024,82° to 83°,64,0,Lost
NY,FEB-19-2024,41° to 42°,44,0,Won
CHI,FEB-19-2024,46° to 47°,43,0,Lost
MIA,FEB-19-2024,70° to 71°,45,0,Won
NY,FEB-20-2024,38° to 39°,56,0,Lost
CHI,FEB-20-2024,56° or above,69,0,Won
MIA,FEB-20-2024,71° to 72°,51,0,Lost
NY,FEB-21-2024,38° to 39°,99,0,Lost
CHI,FEB-21-2024,58° to 59°,99,0,Lost
MIA,FEB-21-2024,75° to 76°,66,0,Lost
NY,FEB-22-2024,46° to 47°,48,0,Lost
CHI,FEB-22-2024,56° or above,72,0,Won
MIA,FEB-22-2024,76° to 77°,57,0,Won
NY,FEB-23-2024,49° to 50°,43,0,Lost
CHI,FEB-23-2024,46° or above,100,0,Won
MIA,FEB-23-2024,78° to 79°,49,0,Won
NY,FEB-24-2024,42° to 43°,99,0,Lost
CHI,FEB-24-2024,37° to 38°,51,0,Lost
MIA,FEB-24-2024,78° to 79°,53,0,Lost
NY,FEB-25-2024,40° to 41°,57,0,Won
CHI,FEB-25-2024,60° or above,53,0,Won
MIA,FEB-25-2024,76° to 77°,63,0,Won
NY,FEB-26-2024,53° to 54°,52,0,Lost
CHI,FEB-26-2024,62° or below,71,0,Lost
MIA,FEB-26-2024,77° to 78°,48,0,Lost
NY,FEB-27-2024,56° to 57°,43,0,Lost
CHI,FEB-27-2024,79° or above,53,0,Lost
MIA,FEB-27-2024,76° to 77°,54,0,Lost
NY,FEB-28-2024,59° to 60°,38,0,Lost
MIA,FEB-28-2024,79° to 80°,56,0,Won
NY,FEB-29-2024,43° or above,73,0,Won
CHI,FEB-29-2024,47° to 48°,40,0,Lost
MIA,FEB-29-2024,81° to 82°,60,0,Won
NY,MAR-01-2024,44° to 45°,44,0,Lost
CHI,MAR-01-2024,47° or below,41,0,Won
MIA,MAR-01-2024,81° to 82°,66,0,Lost
NY,MAR-02-2024,50° to 51°,49,0,Lost
CHI,MAR-02-2024,55° or below,67,0,Lost
MIA,MAR-02-2024,80° to 81°,54,0,Won
NY,MAR-03-2024,62° to 63°,52,0,Lost
CHI,MAR-03-2024,67° or below,73,0,Lost
MIA,MAR-03-2024,83° to 84°,62,0,Won
NY,MAR-04-2024,53° or below,78,0,Lost
CHI,MAR-04-2024,76° or above,33,0,Lost
MIA,MAR-04-2024,83° to 84°,65,0,Lost
NY,MAR-05-2024,47° to 48°,99,0,Lost
CHI,MAR-05-2024,48° to 49°,99,0,Lost
MIA,MAR-05-2024,80° to 81°,59,0,Lost
NY,MAR-06-2024,51° or below,72,0,Lost
CHI,MAR-06-2024,46° to 47°,52,0,Lost
MIA,MAR-06-2024,83° to 84°,58,0,Lost
NY,MAR-07-2024,52° to 53°,39,0,Lost
CHI,MAR-07-2024,51° to 52°,43,0,Lost
MIA,MAR-07-2024,79° to 80°,99,0,Lost
NY,MAR-08-2024,54° to 55°,54,0,Lost
CHI,MAR-08-2024,46° or below,99,0,Lost
MIA,MAR-08-2024,87° or above,65,0,Lost
NY,MAR-09-2024,49° to 50°,47,0,Won
CHI,MAR-09-2024,45° to 46°,44,0,Lost
MIA,MAR-09-2024,86° to 87°,68,0,Won
NY,MAR-10-2024,52° to 53°,71,0,Lost
CHI,MAR-10-2024,48° to 49°,43,0,Won
MIA,MAR-10-2024,87° to 88°,72,0,Won
NY,MAR-11-2024,50° to 51°,51,0,Lost
CHI,MAR-11-2024,64° to 65°,35,0,Lost
MIA,MAR-11-2024,79° to 80°,65,0,Won
NY,MAR-12-2024,65° or above,64,0,Won
CHI,MAR-12-2024,73° or above,47,0,Lost
MIA,MAR-12-2024,80° to 81°,64,0,Won
NY,MAR-13-2024,70° to 71°,47,0,Lost
CHI,MAR-13-2024,66° or above,76,0,Won
MIA,MAR-13-2024,83° to 84°,61,0,Lost
NY,MAR-14-2024,69° to 70°,38,0,Lost
CHI,MAR-14-2024,63° or above,53,0,Won
MIA,MAR-14-2024,83° to 84°,73,0,Won
NY,MAR-15-2024,68° or above,46,0,Won
CHI,MAR-15-2024,50° to 51°,37,0,Lost
MIA,MAR-15-2024,83° to 84°,76,0,Won
NY,MAR-16-2024,63° or above,40,0,Lost
CHI,MAR-16-2024,61° or above,46,0,Lost
MIA,MAR-16-2024,85° to 86°,66,0,Won
NY,MAR-17-2024,62° to 63°,55,0,Won
CHI,MAR-17-2024,41° to 42°,53,0,Lost
MIA,MAR-17-2024,87° to 88°,77,0,Won
NY,MAR-18-2024,47° to 48°,100,0,Lost
CHI,MAR-18-2024,36° to 37°,99,0,Won
MIA,MAR-18-2024,89° to 90°,65,0,Lost
NY,MAR-19-2024,49° to 50°,50,0,Lost
CHI,MAR-19-2024,55° to 56°,38,0,Lost
MIA,MAR-19-2024,76° to 77°,53,0,Lost
NY,MAR-20-2024,55° to 56°,47,0,Lost
CHI,MAR-20-2024,43° or above,69,0,Won
MIA,MAR-20-2024,76° to 77°,100,0,Lost
NY,MAR-21-2024,42° to 43°,49,0,Won
CHI,MAR-21-2024,42° to 43°,39,0,Lost
MIA,MAR-21-2024,79° to 80°,52,0,Lost
NY,MAR-22-2024,43° to 44°,44,0,Lost
CHI,MAR-22-2024,42° to 43°,36,0,Lost
MIA,MAR-22-2024,77° to 78°,44,0,Lost
NY,MAR-23-2024,52° to 53°,99,0,Lost
CHI,MAR-23-2024,40° to 41°,47,0,Won
MIA,MAR-23-2024,77° to 78°,99,0,Lost
NY,MAR-24-2024,42° or below,99,0,Lost
CHI,MAR-24-2024,50° or above,35,0,Won
MIA,MAR-24-2024,79° to 80°,59,0,Lost
NY,MAR-25-2024,47° or below,98,0,Lost
CHI,MAR-25-2024,60° to 61°,35,0,Lost
MIA,MAR-25-2024,80° to 81°,72,0,Won
NY,MAR-26-2024,48° to 49°,51,0,Lost
CHI,MAR-26-2024,60° or above,55,0,Lost
MIA,MAR-26-2024,82° to 83°,70,0,Won
NY,MAR-27-2024,51° or below,99,0,Lost
CHI,MAR-27-2024,45° to 46°,51,0,Lost
MIA,MAR-27-2024,84° to 85°,52,0,Lost
NY,MAR-28-2024,51° to 52°,46,0,Won
CHI,MAR-28-2024,54° or above,53,0,Lost
MIA,MAR-28-2024,85° to 86°,68,0,Lost
NY,MAR-29-2024,51° to 52°,98,0,Lost
CHI,MAR-29-2024,47° or below,99,0,Lost
MIA,MAR-29-2024,79° to 80°,58,0,Won
NY,MAR-30-2024,59° to 60°,47,0,Lost
CHI,MAR-30-2024,61° to 62°,34,0,Lost
MIA,MAR-30-2024,79° to 80°,56,0,Won
NY,MAR-31-2024,61° to 62°,58,0,Won
CHI,MAR-31-2024,51° or above,52,0,Won
MIA,MAR-31-2024,81° to 82°,66,0,Lost
NY,APR-01-2024,50° to 51°,99,0,Lost
CHI,APR-01-2024,50° or above,72,0,Won
MIA,APR-01-2024,82° to 83°,69,0,Won
NY,APR-02-2024,51° to 52°,59,0,Won
CHI,APR-02-2024,46° or above,90,0,Won
MIA,APR-02-2024,85° to 86°,75,0,Won
NY,APR-03-2024,48° to 49°,51,0,Lost
CHI,APR-03-2024,43° or above,40,0,Lost
MIA,APR-03-2024,92° or above,100,0,Lost
NY,APR-04-2024,49° to 50°,40,0,Lost
CHI,APR-04-2024,43° to 44°,41,0,Won
MIA,APR-04-2024,80° to 81°,57,0,Won
NY,APR-05-2024,49° to 50°,40,0,Won
CHI,APR-05-2024,46° to 47°,44,0,Lost
MIA,APR-05-2024,84° or above,98,0,Lost
NY,APR-06-2024,51° to 52°,45,0,Lost
CHI,APR-06-2024,47° to 48°,97,0,Lost
MIA,APR-06-2024,83° to 84°,57,0,Lost
NY,APR-07-2024,50° or below,99,0,Lost
CHI,APR-07-2024,55° or above,64,0,Lost
MIA,APR-07-2024,81° to 82°,60,0,Won
NY,APR-08-2024,64° to 65°,46,0,Lost
CHI,APR-08-2024,71° or above,83,0,Won
MIA,APR-08-2024,78° to 79°,58,0,Lost
NY,APR-09-2024,74° to 75°,37,0,Lost
CHI,APR-09-2024,62° to 63°,83,0,Lost
MIA,APR-09-2024,83° or above,99,0,Lost
NY,APR-10-2024,62° to 63°,47,0,Lost
CHI,APR-10-2024,61° to 62°,87,0,Lost
MIA,APR-10-2024,83° to 84°,62,0,Won
NY,APR-11-2024,66° to 67°,48,0,Lost
CHI,APR-11-2024,55° or above,69,0,Won
MIA,APR-11-2024,88° to 89°,66,0,Lost
NY,APR-12-2024,64° to 65°,46,0,Lost
CHI,APR-12-2024,61° to 62°,43,0,Lost
MIA,APR-12-2024,88° or above,99,0,Lost
NY,APR-13-2024,56° to 57°,63,0,Won
CHI,APR-13-2024,67° to 68°,87,0,Lost
MIA,APR-13-2024,82° to 83°,72,0,Lost
NY,APR-14-2024,73° or above,46,0,Won
CHI,APR-14-2024,80° to 81°,43,0,Won
MIA,APR-14-2024,80° to 81°,71,0,Won
NY,APR-15-2024,76° or above,84,0,Won
CHI,APR-15-2024,67° to 68°,97,0,Lost
MIA,APR-15-2024,81° to 82°,68,0,Won
NY,APR-16-2024,70° to 71°,39,0,Lost
CHI,APR-16-2024,71° or above,100,0,Won
MIA,APR-16-2024,81° to 82°,66,0,Lost
NY,APR-17-2024,63° to 64°,40,0,Lost
CHI,APR-17-2024,68° to 69°,40,0,Lost
MIA,APR-17-2024,83° to 84°,63,0,Won
NY,APR-18-2024,51° to 52°,53,0,Lost
CHI,APR-18-2024,63° or above,43,0,Lost
MIA,APR-18-2024,84° to 85°,58,0,Won
NY,APR-19-2024,58° to 59°,48,0,Lost
CHI,APR-19-2024,64° or above,30,0,Lost
MIA,APR-19-2024,85° to 86°,68,0,Lost
NY,APR-20-2024,70° to 71°,49,0,Won
CHI,APR-20-2024,52° to 53°,45,0,Lost
MIA,APR-20-2024,87° to 88°,67,0,Lost
NY,APR-21-2024,58° to 59°,48,0,Lost
CHI,APR-21-2024,60° to 61°,32,0,Lost
MIA,APR-21-2024,87° or above,61,0,Lost
NY,APR-22-2024,62° to 63°,37,0,Lost
CHI,APR-22-2024,66° to 67°,32,0,Lost
MIA,APR-22-2024,89° to 90°,97,0,Lost
NY,APR-23-2024,63° to 64°,44,0,Lost
CHI,APR-23-2024,68° to 69°,33,0,Lost
MIA,APR-23-2024,83° or above,99,0,Lost
NY,APR-24-2024,69° or above,79,0,Won
CHI,APR-24-2024,49° or above,66,0,Lost
MIA,APR-24-2024,81° to 82°,65,0,Won
NY,APR-25-2024,57° to 58°,36,0,Lost
CHI,APR-25-2024,61° or above,44,0,Lost
MIA,APR-25-2024,83° to 84°,66,0,Won
NY,APR-26-2024,62° to 63°,36,0,Lost
CHI,APR-26-2024,66° or above,33,0,Lost
MIA,APR-26-2024,83° to 84°,51,0,Won
NY,APR-27-2024,63° to 64°,33,0,Won
CHI,APR-27-2024,79° to 80°,36,0,Won
MIA,APR-27-2024,79° to 80°,99,0,Lost
NY,APR-28-2024,80° or above,45,0,Lost
CHI,APR-28-2024,75° to 76°,34,0,Lost
MIA,APR-28-2024,80° to 81°,61,0,Lost
NY,APR-29-2024,83° to 84°,44,0,Lost
CHI,APR-29-2024,75° or above,36,0,Lost
MIA,APR-29-2024,83° to 84°,55,0,Won
NY,APR-30-2024,66° or below,76,0,Won
CHI,APR-30-2024,76° or above,57,0,Lost
MIA,APR-30-2024,83° to 84°,68,0,Won
NY,MAY-01-2024,74° or above,77,0,Won
CHI,MAY-01-2024,76° to 77°,32,0,Lost
MIA,MAY-01-2024,84° to 85°,48,0,Won
NY,MAY-02-2024,80° to 81°,50,0,Lost
CHI,MAY-02-2024,79° or above,91,0,Won
MIA,MAY-02-2024,84° to 85°,49,0,Won
NY,MAY-03-2024,67° to 68°,36,0,Lost
CHI,MAY-03-2024,70° or above,78,0,Lost
MIA,MAY-03-2024,83° to 84°,85,0,Lost
NY,MAY-04-2024,67° or above,56,0,Lost
CHI,MAY-04-2024,79° or above,78,0,Won
MIA,MAY-04-2024,85° to 86°,64,0,Won
NY,MAY-05-2024,59° to 60°,31,0,Lost
CHI,MAY-05-2024,58° or below,95,0,Lost
MIA,MAY-05-2024,85° to 86°,61,0,Won
NY,MAY-06-2024,72° or below,47,0,Lost
CHI,MAY-06-2024,73° or above,52,0,Lost
MIA,MAY-06-2024,83° to 84°,96,0,Lost
NY,MAY-07-2024,74° or below,74,0,Lost
CHI,MAY-07-2024,74° to 75°,31,0,Lost
MIA,MAY-07-2024,87° to 88°,60,0,Lost
NY,MAY-08-2024,84° or above,51,0,Won
CHI,MAY-08-2024,72° or below,83,0,Lost
MIA,MAY-08-2024,88° to 89°,64,0,Lost
NY,MAY-09-2024,67° to 68°,99,0,Lost
CHI,MAY-09-2024,62° or above,44,0,Won
MIA,MAY-09-2024,90° or above,70,0,Lost
NY,MAY-10-2024,59° to 60°,58,0,Lost
CHI,MAY-10-2024,66° to 67°,34,0,Lost
MIA,MAY-10-2024,93° to 94°,55,0,Won
NY,MAY-11-2024,62° to 63°,35,0,Lost
CHI,MAY-11-2024,69° to 70°,35,0,Lost
MIA,MAY-11-2024,93° to 94°,48,0,Won
NY,MAY-12-2024,55° to 56°,34,0,Lost
CHI,MAY-12-2024,84° or above,52,0,Won
MIA,MAY-12-2024,91° to 92°,53,0,Won
NY,MAY-13-2024,68° to 69°,30,0,Lost
CHI,MAY-13-2024,81° or above,53,0,Won
MIA,MAY-13-2024,89° to 90°,53,0,Won
NY,MAY-14-2024,75° to 76°,34,0,Lost
CHI,MAY-14-2024,62° or above,59,0,Won
MIA,MAY-14-2024,90° to 91°,56,0,Won
NY,MAY-15-2024,65° to 66°,49,0,Lost
CHI,MAY-15-2024,63° to 64°,99,0,Lost
MIA,MAY-15-2024,91° to 92°,68,0,Lost
NY,MAY-16-2024,67° to 68°,36,0,Lost
CHI,MAY-16-2024,76° to 77°,35,0,Won
MIA,MAY-16-2024,95° to 96°,60,0,Lost
NY,MAY-17-2024,70° to 71°,99,0,Lost
CHI,MAY-17-2024,69° to 70°,94,0,Lost
MIA,MAY-17-2024,93° to 94°,65,0,Won
NY,MAY-18-2024,70° to 71°,37,0,Lost
CHI,MAY-18-2024,86° to 87°,33,0,Won
MIA,MAY-18-2024,94° to 95°,57,0,Won
NY,MAY-19-2024,71° to 72°,35,0,Lost
CHI,MAY-19-2024,77° to 78°,35,0,Won
MIA,MAY-19-2024,93° to 94°,57,0,Lost
NY,MAY-20-2024,75° to 76°,32,0,Lost
CHI,MAY-20-2024,89° to 90°,34,0,Lost
MIA,MAY-20-2024,88° to 89°,99,0,Lost
NY,MAY-21-2024,80° or below,48,0,Lost
CHI,MAY-21-2024,89° to 90°,32,0,Lost
MIA,MAY-21-2024,89° to 90°,47,0,Lost
NY,MAY-22-2024,83° to 84°,36,0,Won
CHI,MAY-22-2024,74° to 75°,79,0,Lost
MIA,MAY-22-2024,90° to 91°,59,0,Lost
NY,MAY-23-2024,81° to 82°,39,0,Lost
CHI,MAY-23-2024,81° to 82°,38,0,Lost
MIA,MAY-23-2024,91° to 92°,56,0,Lost
NY,MAY-24-2024,80° or below,83,0,Lost
CHI,MAY-24-2024,81° to 82°,83,0,Lost
MIA,MAY-24-2024,91° to 92°,59,0,Won
NY,MAY-25-2024,80° to 81°,39,0,Won
CHI,MAY-25-2024,75° to 76°,36,0,Lost
MIA,MAY-25-2024,90° to 91°,87,0,Lost
NY,MAY-26-2024,83° to 84°,35,0,Lost
CHI,MAY-26-2024,71° to 72°,68,0,Lost
MIA,MAY-26-2024,93° to 94°,61,0,Lost
NY,MAY-27-2024,71° to 72°,29,0,Lost
CHI,MAY-27-2024,70° to 71°,86,0,Lost
MIA,MAY-27-2024,94° to 95°,58,0,Lost
NY,MAY-28-2024,82° to 83°,34,0,Lost
CHI,MAY-28-2024,67° to 68°,99,0,Lost
MIA,MAY-28-2024,93° to 94°,52,0,Lost
NY,MAY-29-2024,76° to 77°,31,0,Won
CHI,MAY-29-2024,69° to 70°,31,0,Lost
MIA,MAY-29-2024,94° to 95°,50,0,Won
NY,MAY-30-2024,71° to 72°,38,0,Won
CHI,MAY-30-2024,74° or above,44,0,Lost
MIA,MAY-30-2024,87° to 88°,96,0,Lost
NY,MAY-31-2024,75° to 76°,32,0,Won
CHI,MAY-31-2024,81° to 82°,33,0,Won
MIA,MAY-31-2024,87° to 88°,85,0,Lost
NY,JUN-01-2024,84° to 85°,38,0,Lost
CHI,JUN-01-2024,68° to 69°,44,0,Won
MIA,JUN-01-2024,87° to 88°,56,0,Won
NY,JUN-02-2024,81° to 82°,44,0,Won
CHI,JUN-02-2024,70° or below,43,0,Lost
MIA,JUN-02-2024,86° to 87°,59,0,Won
NY,JUN-03-2024,84° to 85°,41,0,Lost
CHI,JUN-03-2024,88° or above,55,0,Won
MIA,JUN-03-2024,87° to 88°,53,0,Won
NY,JUN-04-2024,74° to 75°,99,0,Lost
CHI,JUN-04-2024,89° or above,61,0,Lost
MIA,JUN-04-2024,88° to 89°,50,0,Won
NY,JUN-05-2024,78° to 79°,36,0,Won
CHI,JUN-05-2024,82° to 83°,36,0,Lost
MIA,JUN-05-2024,91° to 92°,54,0,Lost
NY,JUN-06-2024,80° to 81°,44,0,Won
CHI,JUN-06-2024,77° to 78°,43,0,Lost
MIA,JUN-06-2024,92° or above,75,0,Won
NY,JUN-07-2024,82° to 83°,36,0,Won
CHI,JUN-07-2024,76° to 77°,35,0,Lost
MIA,JUN-07-2024,86° or below,87,0,Lost
NY,JUN-08-2024,78° to 79°,39,0,Lost
CHI,JUN-08-2024,75° to 76°,36,0,Lost
MIA,JUN-08-2024,90° to 91°,56,0,Won
NY,JUN-09-2024,78° to 79°,39,0,Lost
CHI,JUN-09-2024,81° or above,49,0,Won
MIA,JUN-09-2024,90° to 91°,49,0,Lost
NY,JUN-10-2024,74° to 75°,38,0,Won
CHI,JUN-10-2024,68° to 69°,35,0,Won
MIA,JUN-10-2024,86° to 87°,96,0,Lost
NY,JUN-11-2024,73° or below,53,0,Won
CHI,JUN-11-2024,78° to 79°,34,0,Won
MIA,JUN-11-2024,85° to 86°,44,0,Won
NY,JUN-12-2024,78° to 79°,35,0,Lost
CHI,JUN-12-2024,90° to 91°,36,0,Lost
MIA,JUN-12-2024,88° to 89°,99,0,Lost
NY,JUN-13-2024,83° to 84°,36,0,Won
CHI,JUN-13-2024,91° to 92°,34,0,Won
MIA,JUN-13-2024,84° to 85°,44,0,Lost
NY,JUN-14-2024,84° to 85°,32,0,Won
CHI,JUN-14-2024,76° or below,65,0,Lost
MIA,JUN-14-2024,84° to 85°,55,0,Lost
NY,JUN-15-2024,80° to 81°,35,0,Won
CHI,JUN-15-2024,79° to 80°,97,0,Lost
MIA,JUN-15-2024,88° to 89°,49,0,Lost
NY,JUN-16-2024,77° to 78°,34,0,Won
CHI,JUN-16-2024,89° to 90°,99,0,Lost
MIA,JUN-16-2024,86° to 87°,97,0,Lost
NY,JUN-17-2024,84° to 85°,36,0,Lost
CHI,JUN-17-2024,97° to 98°,40,0,Won
MIA,JUN-17-2024,87° to 88°,44,0,Lost
NY,JUN-18-2024,88° to 89°,36,0,Lost
CHI,JUN-18-2024,95° to 96°,34,0,Won
MIA,JUN-18-2024,91° or above,50,0,Lost
NY,JUN-19-2024,87° to 88°,38,0,Lost
CHI,JUN-19-2024,96° to 97°,34,0,Lost
MIA,JUN-19-2024,87° to 88°,45,0,Lost
NY,JUN-20-2024,91° to 92°,38,0,Won
CHI,JUN-20-2024,89° or below,44,0,Won
MIA,JUN-20-2024,88° to 89°,49,0,Won
NY,JUN-21-2024,92° to 93°,39,0,Lost
CHI,JUN-21-2024,92° to 93°,35,0,Lost
MIA,JUN-21-2024,90° to 91°,52,0,Won
NY,JUN-22-2024,96° or above,85,0,Lost
CHI,JUN-22-2024,94° to 95°,35,0,Won
MIA,JUN-22-2024,89° to 90°,48,0,Won
NY,JUN-23-2024,93° to 94°,38,0,Lost
CHI,JUN-23-2024,82° to 83°,36,0,Won
MIA,JUN-23-2024,87° to 88°,48,0,Won
NY,JUN-24-2024,88° to 89°,99,0,Lost
CHI,JUN-24-2024,88° or above,53,0,Won
MIA,JUN-24-2024,88° to 89°,54,0,Lost
NY,JUN-25-2024,89° to 90°,39,0,Won
CHI,JUN-25-2024,93° or above,72,0,Lost
MIA,JUN-25-2024,90° to 91°,55,0,Lost
NY,JUN-26-2024,92° or above,62,0,Won
CHI,JUN-26-2024,83° to 84°,36,0,Lost
MIA,JUN-26-2024,89° to 90°,44,0,Lost
NY,JUN-27-2024,84° to 85°,39,0,Won
CHI,JUN-27-2024,74° to 75°,35,0,Lost
MIA,JUN-27-2024,91° to 92°,54,0,Lost
NY,JUN-28-2024,76° to 77°,36,0,Lost
CHI,JUN-28-2024,82° to 83°,33,0,Lost
MIA,JUN-28-2024,92° to 93°,53,0,Won
NY,JUN-29-2024,78° to 79°,40,0,Won
CHI,JUN-29-2024,92° or above,51,0,Lost
MIA,JUN-29-2024,91° to 92°,50,0,Won
NY,JUN-30-2024,91° to 92°,100,0,Lost
CHI,JUN-30-2024,72° to 73°,46,0,Won
MIA,JUN-30-2024,85° to 86°,100,0,Lost
NY,JUL-01-2024,78° to 79°,35,0,Lost
CHI,JUL-01-2024,77° to 78°,40,0,Lost
MIA,JUL-01-2024,90° to 91°,52,0,Lost
NY,JUL-02-2024,84° to 85°,37,0,Lost
CHI,JUL-02-2024,86° to 87°,33,0,Won
MIA,JUL-02-2024,91° to 92°,44,0,Won
NY,JUL-03-2024,84° to 85°,38,0,Lost
CHI,JUL-03-2024,89° to 90°,37,0,Won
MIA,JUL-03-2024,92° to 93°,48,0,Lost
NY,JUL-04-2024,84° to 85°,37,0,Lost
CHI,JUL-04-2024,88° or above,54,0,Lost
MIA,JUL-04-2024,92° to 93°,51,0,Won
NY,JUL-05-2024,87° to 88°,39,0,Lost
CHI,JUL-05-2024,82° to 83°,33,0,Lost
MIA,JUL-05-2024,92° to 93°,49,0,Won
NY,JUL-06-2024,88° to 89°,40,0,Lost
CHI,JUL-06-2024,80° to 81°,37,0,Won
MIA,JUL-06-2024,92° to 93°,61,0,Lost
NY,JUL-07-2024,93° to 94°,39,0,Won
CHI,JUL-07-2024,87° to 88°,37,0,Lost
MIA,JUL-07-2024,92° to 93°,51,0,Won
NY,JUL-08-2024,92° to 93°,38,0,Lost
CHI,JUL-08-2024,85° to 86°,35,0,Lost
MIA,JUL-08-2024,94° to 95°,50,0,Lost
NY,JUL-09-2024,92° to 93°,37,0,Lost
CHI,JUL-09-2024,82° to 83°,32,0,Lost
MIA,JUL-09-2024,92° to 93°,48,0,Won
NY,JUL-10-2024,89° to 90°,36,0,Lost
CHI,JUL-10-2024,78° to 79°,33,0,Lost
MIA,JUL-10-2024,93° to 94°,53,0,Lost
NY,JUL-11-2024,89° to 90°,38,0,Won
CHI,JUL-11-2024,80° to 81°,34,0,Won
MIA,JUL-11-2024,88° to 89°,52,0,Lost
NY,JUL-12-2024,83° to 84°,36,0,Won
CHI,JUL-12-2024,85° to 86°,36,0,Won
MIA,JUL-12-2024,90° to 91°,54,0,Won
NY,JUL-13-2024,84° to 85°,35,0,Lost
CHI,JUL-13-2024,92° to 93°,35,0,Won
MIA,JUL-13-2024,90° to 91°,55,0,Won
NY,JUL-14-2024,92° to 93°,40,0,Lost
CHI,JUL-14-2024,92° to 93°,33,0,Lost
MIA,JUL-14-2024,92° to 93°,56,0,Won
NY,JUL-15-2024,95° to 96°,40,0,Lost
CHI,JUL-15-2024,94° to 95°,35,0,Lost
MIA,JUL-15-2024,91° to 92°,58,0,Lost
NY,JUL-16-2024,94° to 95°,38,0,Won
CHI,JUL-16-2024,87° to 88°,34,0,Won
MIA,JUL-16-2024,92° to 93°,57,0,Lost
NY,JUL-17-2024,93° to 94°,37,0,Lost
CHI,JUL-17-2024,81° to 82°,36,0,Lost
MIA,JUL-17-2024,92° to 93°,58,0,Won
NY,JUL-18-2024,86° to 87°,37,0,Won
CHI,JUL-18-2024,76° to 77°,37,0,Lost
MIA,JUL-18-2024,92° to 93°,54,0,Won
NY,JUL-19-2024,85° to 86°,37,0,Lost
CHI,JUL-19-2024,80° to 81°,38,0,Won
MIA,JUL-19-2024,92° to 93°,62,0,Won
NY,JUL-20-2024,86° to 87°,40,0,Lost
CHI,JUL-20-2024,82° to 83°,38,0,Lost
MIA,JUL-20-2024,91° to 92°,50,0,Won
NY,JUL-21-2024,86° to 87°,44,0,Lost
CHI,JUL-21-2024,84° to 85°,43,0,Won
MIA,JUL-21-2024,92° to 93°,59,0,Won
NY,JUL-22-2024,85° to 86°,44,0,Lost
CHI,JUL-22-2024,83° to 84°,43,0,Won
MIA,JUL-22-2024,89° to 90°,51,0,Won
NY,JUL-23-2024,84° to 85°,46,0,Lost
CHI,JUL-23-2024,86° to 87°,43,0,Won
MIA,JUL-23-2024,89° to 90°,52,0,Lost
NY,JUL-24-2024,81° to 82°,47,0,Won
CHI,JUL-24-2024,74° or below,41,0,Lost
MIA,JUL-24-2024,92° to 93°,65,0,Won
NY,JUL-25-2024,85° to 86°,44,0,Lost
CHI,JUL-25-2024,78° to 79°,44,0,Won
MIA,JUL-25-2024,92° to 93°,54,0,Lost
NY,JUL-26-2024,83° to 84°,44,0,Won
CHI,JUL-26-2024,82° to 83°,53,0,Lost
MIA,JUL-26-2024,92° to 93°,72,0,Won
NY,JUL-27-2024,85° to 86°,49,0,Lost
CHI,JUL-27-2024,87° to 88°,43,0,Lost
MIA,JUL-27-2024,91° to 92°,57,0,Lost
NY,JUL-28-2024,88° to 89°,46,0,Won
CHI,JUL-28-2024,83° to 84°,34,0,Won
MIA,JUL-28-2024,92° to 93°,67,0,Won
NY,JUL-29-2024,82° to 83°,47,0,Lost
CHI,JUL-29-2024,85° to 86°,33,0,Won
MIA,JUL-29-2024,90° to 91°,60,0,Lost
NY,JUL-30-2024,85° to 86°,47,0,Lost
CHI,JUL-30-2024,91° to 92°,41,0,Won
MIA,JUL-30-2024,90° to 91°,59,0,Lost
NY,JUL-31-2024,88° to 89°,39,0,Won
CHI,JUL-31-2024,90° to 91°,28,0,Lost
MIA,JUL-31-2024,92° to 93°,72,0,Won
NY,AUG-01-2024,95° to 96°,43,0,Won
CHI,AUG-01-2024,89° to 90°,39,0,Won
MIA,AUG-01-2024,93° to 94°,56,0,Won
NY,AUG-02-2024,90° to 91°,46,0,Lost
CHI,AUG-02-2024,85° or above,73,0,Won
MIA,AUG-02-2024,91° to 92°,56,0,Lost
NY,AUG-03-2024,90° to 91°,45,0,Lost
CHI,AUG-03-2024,89° to 90°,47,0,Lost
MIA,AUG-03-2024,87° to 88°,46,0,Lost
NY,AUG-04-2024,84° to 85°,38,0,Lost
CHI,AUG-04-2024,93° to 94°,34,0,Lost
MIA,AUG-04-2024,90° to 91°,59,0,Won
NY,AUG-05-2024,90° to 91°,42,0,Won
CHI,AUG-05-2024,88° or above,89,0,Won
MIA,AUG-05-2024,91° to 92°,51,0,Lost
NY,AUG-06-2024,87° or above,52,0,Won
CHI,AUG-06-2024,76° to 77°,38,0,Lost
MIA,AUG-06-2024,93° to 94°,49,0,Lost
NY,AUG-07-2024,74° to 75°,39,0,Lost
CHI,AUG-07-2024,80° or above,60,0,Lost
MIA,AUG-07-2024,94° to 95°,60,0,Won
NY,AUG-08-2024,72° to 73°,38,0,Lost
CHI,AUG-08-2024,86° or above,49,0,Lost
MIA,AUG-08-2024,94° to 95°,57,0,Lost
NY,AUG-09-2024,80° to 81°,43,0,Won
CHI,AUG-09-2024,79° or above,43,0,Lost
MIA,AUG-09-2024,92° to 93°,63,0,Lost
NY,AUG-10-2024,85° to 86°,39,0,Won
CHI,AUG-10-2024,78° to 79°,36,0,Lost
MIA,AUG-10-2024,93° to 94°,66,0,Won
NY,AUG-11-2024,83° to 84°,39,0,Lost
CHI,AUG-11-2024,81° to 82°,39,0,Lost
MIA,AUG-11-2024,92° to 93°,68,0,Won
NY,AUG-12-2024,79° to 80°,46,0,Lost
CHI,AUG-12-2024,81° to 82°,41,0,Won
MIA,AUG-12-2024,93° to 94°,73,0,Lost
NY,AUG-13-2024,81° to 82°,53,0,Won
CHI,AUG-13-2024,83° to 84°,43,0,Lost
MIA,AUG-13-2024,93° to 94°,68,0,Won
NY,AUG-14-2024,85° to 86°,60,0,Won
CHI,AUG-14-2024,86° to 87°,48,0,Won
MIA,AUG-14-2024,94° to 95°,64,0,Lost
NY,AUG-15-2024,87° to 88°,48,0,Lost
CHI,AUG-15-2024,79° to 80°,44,0,Lost
MIA,AUG-15-2024,93° to 94°,59,0,Lost
NY,AUG-16-2024,86° to 87°,52,0,Won
CHI,AUG-16-2024,88° to 89°,46,0,Won
MIA,AUG-16-2024,90° to 91°,52,0,Won
NY,AUG-17-2024,81° to 82°,50,0,Lost
CHI,AUG-17-2024,80° to 81°,48,0,Lost
MIA,AUG-17-2024,90° to 91°,62,0,Won
NY,AUG-18-2024,79° to 80°,50,0,Lost
CHI,AUG-18-2024,79° to 80°,50,0,Won
MIA,AUG-18-2024,90° to 91°,72,0,Lost
NY,AUG-19-2024,83° to 84°,54,0,Won
CHI,AUG-19-2024,76° to 77°,44,0,Won
MIA,AUG-19-2024,91° to 92°,54,0,Lost
NY,AUG-20-2024,78° or above,94,0,Lost
CHI,AUG-20-2024,73° to 74°,44,0,Won
MIA,AUG-20-2024,94° to 95°,44,0,Lost
NY,AUG-21-2024,71° to 72°,51,0,Lost
CHI,AUG-21-2024,75° to 76°,50,0,Won
MIA,AUG-21-2024,93° to 94°,70,0,Lost
NY,AUG-22-2024,76° to 77°,60,0,Won
CHI,AUG-22-2024,80° to 81°,38,0,Won
MIA,AUG-22-2024,90° to 91°,60,0,Lost
NY,AUG-23-2024,81° to 82°,66,0,Lost
CHI,AUG-23-2024,83° to 84°,52,0,Lost
MIA,AUG-23-2024,90° to 91°,56,0,Won
NY,AUG-24-2024,83° to 84°,66,0,Won
CHI,AUG-24-2024,90° to 91°,45,0,Won
MIA,AUG-24-2024,90° to 91°,58,0,Lost
NY,AUG-25-2024,85° to 86°,55,0,Won
CHI,AUG-25-2024,92° or above,84,0,Won
MIA,AUG-25-2024,87° to 88°,61,0,Lost
NY,AUG-26-2024,85° to 86°,64,0,Won
CHI,AUG-26-2024,96° to 97°,54,0,Lost
MIA,AUG-26-2024,90° to 91°,67,0,Lost
NY,AUG-27-2024,83° to 84°,45,0,Lost
CHI,AUG-27-2024,98° to 99°,45,0,Won
MIA,AUG-27-2024,92° to 93°,56,0,Won
NY,AUG-28-2024,93° to 94°,52,0,Lost
CHI,AUG-28-2024,86° to 87°,49,0,Won
MIA,AUG-28-2024,91° to 92°,79,0,Lost
NY,AUG-29-2024,77° to 78°,62,0,Lost
CHI,AUG-29-2024,85° to 86°,46,0,Won
MIA,AUG-29-2024,91° to 92°,59,0,Lost
NY,AUG-30-2024,77° to 78°,54,0,Lost
CHI,AUG-30-2024,88° to 89°,45,0,Lost
MIA,AUG-30-2024,89° to 90°,61,0,Won
NY,AUG-31-2024,80° to 81°,64,0,Lost
CHI,AUG-31-2024,85° to 86°,52,0,Won
MIA,AUG-31-2024,88° to 89°,61,0,Won
NY,SEP-01-2024,80° to 81°,43,0,Won
CHI,SEP-01-2024,75° to 76°,51,0,Lost
MIA,SEP-01-2024,87° to 88°,50,0,Won
NY,SEP-02-2024,78° to 79°,61,0,Won
CHI,SEP-02-2024,74° to 75°,55,0,Won
MIA,SEP-02-2024,88° to 89°,65,0,Lost
NY,SEP-03-2024,74° to 75°,66,0,Won
CHI,SEP-03-2024,78° to 79°,49,0,Won
MIA,SEP-03-2024,89° to 90°,66,0,Won
NY,SEP-04-2024,77° to 78°,54,0,Won
CHI,SEP-04-2024,84° to 85°,47,0,Won
MIA,SEP-04-2024,92° to 93°,49,0,Lost
NY,SEP-05-2024,76° to 77°,66,0,Won
CHI,SEP-05-2024,88° to 89°,60,0,Lost
MIA,SEP-05-2024,88° to 89°,83,0,Lost
NY,SEP-06-2024,76° to 77°,64,0,Lost
CHI,SEP-06-2024,72° to 73°,55,0,Won
MIA,SEP-06-2024,91° to 92°,80,0,Won
NY,SEP-07-2024,74° to 75°,36,0,Lost
CHI,SEP-07-2024,65° to 66°,59,0,Lost
MIA,SEP-07-2024,92° to 93°,54,0,Lost
NY,SEP-08-2024,71° to 72°,51,0,Lost
CHI,SEP-08-2024,75° to 76°,49,0,Lost
MIA,SEP-08-2024,88° to 89°,67,0,Lost
NY,SEP-09-2024,76° to 77°,50,0,Lost
CHI,SEP-09-2024,82° to 83°,48,0,Won
MIA,SEP-09-2024,90° to 91°,75,0,Lost
NY,SEP-10-2024,77° to 78°,58,0,Won
CHI,SEP-10-2024,87° to 88°,41,0,Lost
MIA,SEP-10-2024,90° to 91°,59,0,Lost
NY,SEP-11-2024,77° to 78°,50,0,Lost
CHI,SEP-11-2024,88° to 89°,54,0,Won
MIA,SEP-11-2024,91° to 92°,58,0,Lost
NY,SEP-12-2024,78° to 79°,54,0,Lost
CHI,SEP-12-2024,85° to 86°,49,0,Lost
MIA,SEP-12-2024,92° to 93°,50,0,Won
NY,SEP-13-2024,80° to 81°,52,0,Lost
CHI,SEP-13-2024,84° to 85°,56,0,Won
MIA,SEP-13-2024,93° to 94°,51,0,Lost
NY,SEP-14-2024,82° to 83°,65,0,Won
CHI,SEP-14-2024,87° to 88°,59,0,Won
MIA,SEP-14-2024,93° to 94°,57,0,Won
NY,SEP-15-2024,79° to 80°,60,0,Won
CHI,SEP-15-2024,89° to 90°,55,0,Won
MIA,SEP-15-2024,92° to 93°,69,0,Lost
NY,SEP-16-2024,77° to 78°,62,0,Won
CHI,SEP-16-2024,88° to 89°,49,0,Lost
MIA,SEP-16-2024,92° to 93°,58,0,Lost
NY,SEP-17-2024,78° to 79°,58,0,Won
CHI,SEP-17-2024,85° to 86°,44,0,Won
MIA,SEP-17-2024,92° to 93°,56,0,Won
NY,SEP-18-2024,76° to 77°,45,0,Lost
CHI,SEP-18-2024,87° or above,51,0,Won
MIA,SEP-18-2024,91° to 92°,55,0,Lost
NY,SEP-19-2024,80° or above,95,0,Won
CHI,SEP-19-2024,90° to 91°,49,0,Won
MIA,SEP-19-2024,92° to 93°,59,0,Lost
NY,SEP-20-2024,80° or above,63,0,Won
CHI,SEP-20-2024,88° or above,56,0,Won
MIA,SEP-20-2024,90° to 91°,53,0,Lost
NY,SEP-21-2024,76° to 77°,49,0,Lost
CHI,SEP-21-2024,93° or above,61,0,Won
MIA,SEP-21-2024,91° to 92°,56,0,Won
NY,SEP-22-2024,75° to 76°,49,0,Lost
CHI,SEP-22-2024,77° or above,55,0,Won
MIA,SEP-22-2024,91° to 92°,69,0,Won
NY,SEP-23-2024,73° or above,40,0,Lost
CHI,SEP-23-2024,71° to 72°,41,0,Lost
MIA,SEP-23-2024,92° to 93°,66,0,Lost
NY,SEP-24-2024,68° to 69°,44,0,Won
CHI,SEP-24-2024,68° to 69°,42,0,Won
MIA,SEP-24-2024,91° to 92°,49,0,Won
NY,SEP-25-2024,66° to 67°,49,0,Lost
CHI,SEP-25-2024,71° to 72°,43,0,Lost
MIA,SEP-25-2024,93° or above,94,0,Lost
NY,SEP-26-2024,71° or below,67,0,Lost
CHI,SEP-26-2024,79° or above,62,0,Lost
MIA,SEP-26-2024,88° to 89°,66,0,Lost
NY,SEP-27-2024,74° to 75°,59,0,Won
CHI,SEP-27-2024,77° to 78°,43,0,Lost
MIA,SEP-27-2024,90° to 91°,67,0,Won
NY,SEP-28-2024,67° or below,60,0,Lost
CHI,SEP-28-2024,71° to 72°,40,0,Lost
MIA,SEP-28-2024,93° to 94°,61,0,Won
NY,SEP-29-2024,63° or below,72,0,Won
CHI,SEP-29-2024,75° to 76°,55,0,Lost
MIA,SEP-29-2024,93° to 94°,66,0,Lost
NY,SEP-30-2024,71° to 72°,58,0,Won
CHI,SEP-30-2024,76° to 77°,39,0,Lost
MIA,SEP-30-2024,88° to 89°,94,0,Lost
NY,OCT-01-2024,68° to 69°,45,0,Won
CHI,OCT-01-2024,67° or below,47,0,Lost
MIA,OCT-01-2024,92° to 93°,52,0,Lost
NY,OCT-02-2024,68° to 69°,52,0,Won
CHI,OCT-02-2024,72° to 73°,45,0,Won
MIA,OCT-02-2024,88° to 89°,72,0,Lost
NY,OCT-03-2024,72° to 73°,58,0,Won
CHI,OCT-03-2024,78° to 79°,54,0,Lost
MIA,OCT-03-2024,88° to 89°,94,0,Lost
NY,OCT-04-2024,74° to 75°,57,0,Lost
CHI,OCT-04-2024,72° to 73°,51,0,Won
MIA,OCT-04-2024,89° to 90°,54,0,Lost
NY,OCT-05-2024,71° to 72°,68,0,Lost
CHI,OCT-05-2024,82° to 83°,46,0,Lost
MIA,OCT-05-2024,88° to 89°,59,0,Lost
NY,OCT-06-2024,71° to 72°,53,0,Won
CHI,OCT-06-2024,76° or above,68,0,Lost
MIA,OCT-06-2024,84° to 85°,46,0,Lost
NY,OCT-07-2024,68° to 69°,71,0,Lost
CHI,OCT-07-2024,68° to 69°,54,0,Won
MIA,OCT-07-2024,81° to 82°,96,0,Lost
NY,OCT-08-2024,70° to 71°,54,0,Lost
CHI,OCT-08-2024,74° to 75°,51,0,Won
MIA,OCT-08-2024,90° to 91°,64,0,Lost
NY,OCT-09-2024,65° to 66°,50,0,Lost
CHI,OCT-09-2024,69° to 70°,96,0,Won
MIA,OCT-09-2024,91° to 92°,63,0,Lost
NY,OCT-10-2024,57° to 58°,74,0,Lost
CHI,OCT-10-2024,69° to 70°,76,0,Lost
MIA,OCT-10-2024,83° to 84°,82,0,Lost
NY,OCT-11-2024,64° to 65°,63,0,Lost
CHI,OCT-11-2024,81° to 82°,80,0,Lost
MIA,OCT-11-2024,90° or above,79,0,Lost
NY,OCT-12-2024,70° or below,63,0,Lost
CHI,OCT-12-2024,65° to 66°,77,0,Lost
MIA,OCT-12-2024,81° to 82°,80,0,Lost
NY,OCT-13-2024,73° or above,97,0,Lost
CHI,OCT-13-2024,60° or below,73,0,Lost
MIA,OCT-13-2024,81° to 82°,81,0,Lost
NY,OCT-14-2024,65° to 66°,71,0,Won
CHI,OCT-14-2024,57° to 58°,57,0,Won
MIA,OCT-14-2024,81° or below,96,0,Lost
NY,OCT-15-2024,52° to 53°,94,0,Lost
CHI,OCT-15-2024,47° or below,92,0,Lost
MIA,OCT-15-2024,81° or below,96,0,Lost
NY,OCT-16-2024,50° or below,76,0,Lost
CHI,OCT-16-2024,51° or below,69,0,Lost
MIA,OCT-16-2024,81° to 82°,85,0,Lost
NY,OCT-17-2024,54° or below,79,0,Lost
CHI,OCT-17-2024,60° to 61°,69,0,Lost
MIA,OCT-17-2024,76° or below,89,0,Lost
NY,OCT-18-2024,60° or below,74,0,Lost
CHI,OCT-18-2024,63° or below,67,0,Lost
MIA,OCT-18-2024,81° to 82°,50,0,Lost
NY,OCT-19-2024,73° or above,81,0,Lost
CHI,OCT-19-2024,66° or below,68,0,Lost
MIA,OCT-19-2024,79° to 80°,86,0,Lost
NY,OCT-20-2024,67° or below,96,0,Lost
CHI,OCT-20-2024,73° or below,96,0,Lost
MIA,OCT-20-2024,79° or below,96,0,Lost
