City,Date,Temp_Range,9PM_Bid,Ending_Cost,Won
NY,JUL-20-2024,86° to 87°,35,0,Lost
CHI,JUL-20-2024,82° to 83°,33,0,Lost
MIA,JUL-20-2024,91° to 92°,42,0,Won
NY,JUL-21-2024,86° to 87°,38,0,Lost
CHI,JUL-21-2024,84° to 85°,36,0,Won
MIA,JUL-21-2024,92° to 93°,51,0,Won
NY,JUL-22-2024,85° to 86°,39,0,Lost
CHI,JUL-22-2024,83° to 84°,36,0,Won
MIA,JUL-22-2024,89° to 90°,45,0,Won
NY,JAN-01-2024,41° or below,4,0,Lost
CHI,JAN-01-2024,33° to 34°,4,0,Won
MIA,JAN-01-2024,71° to 72°,4,0,Lost
NY,JAN-02-2024,42° to 43°,22,0,Won
CHI,JAN-02-2024,35° to 36°,1,0,Lost
MIA,JAN-02-2024,71° to 72°,22,0,Won
NY,JAN-03-2024,44° to 45°,40,0,Lost
CHI,JAN-03-2024,35° to 36°,39,0,Lost
MIA,JAN-03-2024,74° to 75°,48,0,Won
NY,JAN-04-2024,43° to 44°,41,0,Lost
CHI,JAN-04-2024,35° to 36°,47,0,Lost
MIA,JAN-04-2024,77° to 78°,40,0,Lost
NY,JAN-05-2024,37° to 38°,37,0,Won
CHI,JAN-05-2024,39° to 40°,46,0,Lost
MIA,JAN-05-2024,76° to 77°,45,0,Lost
NY,JAN-06-2024,37° to 38°,42,0,Won
CHI,JAN-06-2024,35° to 36°,42,0,Won
MIA,JAN-06-2024,82° to 83°,45,0,Lost
NY,JAN-07-2024,37° to 38°,46,0,Won
CHI,JAN-07-2024,37° to 38°,40,0,Lost
MIA,JAN-07-2024,75° to 76°,52,0,Lost
NY,JAN-08-2024,42° to 43°,38,0,Lost
CHI,JAN-08-2024,37° to 38°,42,0,Won
MIA,JAN-08-2024,75° to 76°,47,0,Won
NY,JAN-09-2024,55° or above,22,0,Won
CHI,JAN-09-2024,37° to 38°,43,0,Won
MIA,JAN-09-2024,80° to 81°,49,0,Won
NY,JAN-10-2024,54° or above,70,0,Won
CHI,JAN-10-2024,33° to 34°,23,0,Lost
MIA,JAN-10-2024,75° to 76°,17,0,Lost
NY,JAN-11-2024,47° to 48°,35,0,Won
CHI,JAN-11-2024,35° to 36°,42,0,Won
MIA,JAN-11-2024,76° to 77°,48,0,Lost
CHI,JAN-12-2024,36° to 37°,25,0,Lost
MIA,JAN-12-2024,84° or above,52,0,Won
NY,JAN-13-2024,56° to 57°,45,0,Lost
CHI,JAN-13-2024,28° or above,71,0,Won
MIA,JAN-13-2024,81° to 82°,38,0,Lost
NY,JAN-14-2024,38° to 39°,40,0,Lost
CHI,JAN-14-2024,3° to 4°,15,0,Lost
MIA,JAN-14-2024,73° to 74°,42,0,Lost
NY,JAN-15-2024,31° to 32°,40,0,Lost
CHI,JAN-15-2024,3° to 4°,8,0,Won
MIA,JAN-15-2024,81° to 82°,43,0,Won
NY,JAN-16-2024,34° to 35°,44,0,Lost
CHI,JAN-16-2024,3° to 4°,42,0,Lost
MIA,JAN-16-2024,83° to 84°,42,0,Lost
NY,JAN-17-2024,26° to 27°,34,0,Lost
CHI,JAN-17-2024,23° to 24°,8,0,Won
MIA,JAN-17-2024,72° to 73°,28,0,Lost
NY,JAN-18-2024,33° to 34°,53,0,Won
CHI,JAN-18-2024,24° to 25°,36,0,Lost
MIA,JAN-18-2024,80° to 81°,47,0,Won
NY,JAN-19-2024,30° to 31°,33,0,Lost
CHI,JAN-19-2024,16° to 17°,37,0,Won
MIA,JAN-19-2024,81° to 82°,51,0,Lost
NY,JAN-20-2024,26° to 27°,30,0,Won
CHI,JAN-20-2024,17° to 18°,33,0,Lost
MIA,JAN-20-2024,73° to 74°,41,0,Won
NY,JAN-21-2024,31° to 32°,42,0,Won
CHI,JAN-21-2024,24° or above,43,0,Lost
MIA,JAN-21-2024,70° to 71°,38,0,Won
NY,JAN-22-2024,37° to 38°,36,0,Won
CHI,JAN-22-2024,31° to 32°,11,0,Lost
MIA,JAN-22-2024,73° to 74°,35,0,Lost
NY,JAN-23-2024,38° to 39°,45,0,Lost
CHI,JAN-23-2024,36° to 37°,38,0,Lost
MIA,JAN-23-2024,78° to 79°,46,0,Lost
NY,JAN-24-2024,45° or above,35,0,Won
CHI,JAN-24-2024,41° or above,47,0,Lost
MIA,JAN-24-2024,81° to 82°,54,0,Won
NY,JAN-25-2024,52° to 53°,35,0,Lost
CHI,JAN-25-2024,41° or above,56,0,Won
MIA,JAN-25-2024,81° to 82°,52,0,Lost
NY,JAN-26-2024,50° or above,53,0,Lost
CHI,JAN-26-2024,40° to 41°,48,0,Lost
MIA,JAN-26-2024,81° to 82°,60,0,Won
NY,JAN-27-2024,46° to 47°,40,0,Lost
CHI,JAN-27-2024,41° to 42°,45,0,Won
MIA,JAN-27-2024,81° to 82°,50,0,Won
NY,JAN-28-2024,43° to 44°,42,0,Won
CHI,JAN-28-2024,39° to 40°,40,0,Lost
MIA,JAN-28-2024,85° to 86°,40,0,Won
NY,JAN-29-2024,42° to 43°,41,0,Lost
CHI,JAN-29-2024,42° to 43°,32,0,Lost
MIA,JAN-29-2024,69° to 70°,39,0,Lost
NY,JAN-30-2024,37° to 38°,36,0,Won
CHI,JAN-30-2024,41° to 42°,38,0,Won
MIA,JAN-30-2024,71° to 72°,42,0,Lost
NY,JAN-31-2024,41° to 42°,50,0,Lost
CHI,JAN-31-2024,46° to 47°,35,0,Lost
MIA,JAN-31-2024,74° to 75°,53,0,Lost
NY,FEB-01-2024,47° to 48°,44,0,Lost
CHI,FEB-01-2024,45° to 46°,33,0,Lost
MIA,FEB-01-2024,74° to 75°,60,0,Won
NY,FEB-02-2024,45° to 46°,44,0,Won
CHI,FEB-02-2024,41° to 42°,28,0,Lost
MIA,FEB-02-2024,77° to 78°,56,0,Won
NY,FEB-03-2024,42° to 43°,46,0,Won
CHI,FEB-03-2024,45° to 46°,27,0,Lost
MIA,FEB-03-2024,77° to 78°,46,0,Won
NY,FEB-04-2024,44° to 45°,47,0,Lost
CHI,FEB-04-2024,42° to 43°,31,0,Lost
MIA,FEB-04-2024,78° to 79°,46,0,Lost
NY,FEB-05-2024,46° to 47°,41,0,Lost
CHI,FEB-05-2024,44° to 45°,28,0,Won
MIA,FEB-05-2024,72° to 73°,38,0,Lost
NY,FEB-06-2024,41° to 42°,54,0,Won
CHI,FEB-06-2024,48° to 49°,32,0,Lost
MIA,FEB-06-2024,69° to 70°,50,0,Lost
NY,FEB-07-2024,44° to 45°,43,0,Lost
CHI,FEB-07-2024,51° to 52°,41,0,Lost
MIA,FEB-07-2024,75° to 76°,45,0,Lost
NY,FEB-08-2024,48° to 49°,49,0,Lost
CHI,FEB-08-2024,56° to 57°,43,0,Lost
MIA,FEB-08-2024,76° to 77°,50,0,Won
NY,FEB-09-2024,53° to 54°,33,0,Lost
CHI,FEB-09-2024,59° to 60°,45,0,Lost
MIA,FEB-09-2024,77° to 78°,57,0,Lost
NY,FEB-10-2024,58° to 59°,30,0,Lost
CHI,FEB-10-2024,45° or above,52,0,Lost
MIA,FEB-10-2024,77° to 78°,51,0,Won
NY,FEB-11-2024,52° to 53°,49,0,Lost
CHI,FEB-11-2024,42° to 43°,46,0,Won
MIA,FEB-11-2024,80° to 81°,62,0,Won
NY,FEB-12-2024,49° to 50°,37,0,Lost
CHI,FEB-12-2024,47° or above,50,0,Lost
MIA,FEB-12-2024,83° to 84°,56,0,Lost
NY,FEB-13-2024,40° or above,43,0,Won
CHI,FEB-13-2024,42° to 43°,38,0,Won
MIA,FEB-13-2024,81° to 82°,63,0,Won
NY,FEB-14-2024,37° to 38°,43,0,Won
CHI,FEB-14-2024,45° to 46°,37,0,Lost
MIA,FEB-14-2024,76° to 77°,46,0,Lost
NY,FEB-15-2024,40° to 41°,47,0,Lost
CHI,FEB-15-2024,44° or above,39,0,Won
MIA,FEB-15-2024,78° to 79°,61,0,Won
NY,FEB-16-2024,43° to 44°,40,0,Won
CHI,FEB-16-2024,35° to 36°,37,0,Lost
MIA,FEB-16-2024,80° to 81°,59,0,Lost
NY,FEB-17-2024,38° to 39°,41,0,Lost
CHI,FEB-17-2024,31° to 32°,38,0,Lost
MIA,FEB-17-2024,82° to 83°,43,0,Lost
NY,FEB-18-2024,39° to 40°,38,0,Won
CHI,FEB-18-2024,43° to 44°,39,0,Lost
MIA,FEB-18-2024,78° to 79°,43,0,Lost
NY,FEB-19-2024,41° to 42°,37,0,Won
CHI,FEB-19-2024,46° to 47°,37,0,Lost
MIA,FEB-19-2024,70° to 71°,42,0,Won
NY,FEB-20-2024,38° to 39°,49,0,Lost
CHI,FEB-20-2024,56° or above,60,0,Won
MIA,FEB-20-2024,71° to 72°,43,0,Lost
NY,FEB-21-2024,42° to 43°,40,0,Won
CHI,FEB-21-2024,62° to 63°,27,0,Lost
MIA,FEB-21-2024,73° to 74°,57,0,Won
NY,FEB-22-2024,46° to 47°,41,0,Lost
CHI,FEB-22-2024,56° or above,61,0,Won
MIA,FEB-22-2024,76° to 77°,50,0,Won
NY,FEB-23-2024,49° to 50°,37,0,Lost
CHI,FEB-23-2024,46° or above,50,0,Won
MIA,FEB-23-2024,78° to 79°,43,0,Won
NY,FEB-24-2024,42° to 43°,52,0,Lost
CHI,FEB-24-2024,37° to 38°,44,0,Lost
MIA,FEB-24-2024,78° to 79°,45,0,Lost
NY,FEB-25-2024,40° to 41°,50,0,Won
CHI,FEB-25-2024,60° or above,46,0,Won
MIA,FEB-25-2024,76° to 77°,56,0,Won
NY,FEB-26-2024,53° to 54°,48,0,Lost
CHI,FEB-26-2024,69° to 70°,21,0,Lost
MIA,FEB-26-2024,77° to 78°,40,0,Lost
NY,FEB-27-2024,56° to 57°,40,0,Lost
CHI,FEB-27-2024,75° to 76°,30,0,Lost
MIA,FEB-27-2024,76° to 77°,47,0,Lost
NY,FEB-28-2024,61° to 62°,33,0,Won
MIA,FEB-28-2024,79° to 80°,50,0,Won
NY,FEB-29-2024,43° or above,64,0,Won
CHI,FEB-29-2024,47° to 48°,31,0,Lost
MIA,FEB-29-2024,81° to 82°,54,0,Won
NY,MAR-01-2024,44° to 45°,38,0,Lost
CHI,MAR-01-2024,47° or below,32,0,Won
MIA,MAR-01-2024,81° to 82°,59,0,Lost
NY,MAR-02-2024,50° to 51°,43,0,Lost
CHI,MAR-02-2024,60° to 61°,31,0,Won
MIA,MAR-02-2024,80° to 81°,46,0,Won
NY,MAR-03-2024,62° to 63°,43,0,Lost
CHI,MAR-03-2024,70° to 71°,23,0,Lost
MIA,MAR-03-2024,83° to 84°,59,0,Won
NY,MAR-04-2024,56° to 57°,43,0,Lost
CHI,MAR-04-2024,76° or above,25,0,Lost
MIA,MAR-04-2024,83° to 84°,56,0,Lost
NY,MAR-05-2024,51° to 52°,47,0,Lost
CHI,MAR-05-2024,50° or above,62,0,Lost
MIA,MAR-05-2024,82° to 83°,51,0,Won
NY,MAR-06-2024,54° to 55°,32,0,Lost
CHI,MAR-06-2024,52° or above,37,0,Lost
MIA,MAR-06-2024,83° to 84°,56,0,Lost
NY,MAR-07-2024,52° to 53°,31,0,Lost
CHI,MAR-07-2024,51° to 52°,40,0,Lost
MIA,MAR-07-2024,83° to 84°,54,0,Lost
NY,MAR-08-2024,54° to 55°,47,0,Lost
CHI,MAR-08-2024,49° to 50°,34,0,Lost
MIA,MAR-08-2024,87° or above,55,0,Lost
NY,MAR-09-2024,49° to 50°,41,0,Won
CHI,MAR-09-2024,45° to 46°,36,0,Lost
MIA,MAR-09-2024,86° to 87°,62,0,Won
NY,MAR-10-2024,52° to 53°,63,0,Lost
CHI,MAR-10-2024,48° to 49°,33,0,Won
MIA,MAR-10-2024,87° to 88°,65,0,Won
NY,MAR-11-2024,50° to 51°,41,0,Lost
CHI,MAR-11-2024,64° to 65°,27,0,Lost
MIA,MAR-11-2024,79° to 80°,60,0,Won
NY,MAR-12-2024,65° or above,56,0,Won
CHI,MAR-12-2024,73° or above,37,0,Lost
MIA,MAR-12-2024,80° to 81°,62,0,Won
NY,MAR-13-2024,64° to 65°,34,0,Lost
CHI,MAR-13-2024,66° or above,69,0,Won
MIA,MAR-13-2024,83° to 84°,52,0,Lost
NY,MAR-14-2024,69° to 70°,31,0,Lost
CHI,MAR-14-2024,63° or above,43,0,Won
MIA,MAR-14-2024,83° to 84°,64,0,Won
NY,MAR-15-2024,68° or above,38,0,Won
CHI,MAR-15-2024,50° to 51°,28,0,Lost
MIA,MAR-15-2024,83° to 84°,69,0,Won
NY,MAR-16-2024,63° or above,32,0,Lost
CHI,MAR-16-2024,59° to 60°,37,0,Won
MIA,MAR-16-2024,85° to 86°,56,0,Won
NY,MAR-17-2024,62° to 63°,47,0,Won
CHI,MAR-17-2024,41° to 42°,40,0,Lost
MIA,MAR-17-2024,87° to 88°,70,0,Won
NY,MAR-18-2024,51° to 52°,51,0,Won
CHI,MAR-18-2024,40° to 41°,32,0,Lost
MIA,MAR-18-2024,89° to 90°,57,0,Lost
NY,MAR-19-2024,49° to 50°,44,0,Lost
CHI,MAR-19-2024,55° to 56°,32,0,Lost
MIA,MAR-19-2024,76° to 77°,45,0,Lost
NY,MAR-20-2024,55° to 56°,39,0,Lost
CHI,MAR-20-2024,43° or above,59,0,Won
MIA,MAR-20-2024,80° to 81°,62,0,Lost
NY,MAR-21-2024,42° to 43°,43,0,Won
CHI,MAR-21-2024,42° to 43°,34,0,Lost
MIA,MAR-21-2024,79° to 80°,43,0,Lost
NY,MAR-22-2024,43° to 44°,37,0,Lost
CHI,MAR-22-2024,42° to 43°,28,0,Lost
MIA,MAR-22-2024,77° to 78°,36,0,Lost
NY,MAR-23-2024,56° or above,49,0,Lost
CHI,MAR-23-2024,40° to 41°,37,0,Won
MIA,MAR-23-2024,81° to 82°,51,0,Lost
NY,MAR-24-2024,45° to 46°,36,0,Lost
CHI,MAR-24-2024,50° or above,34,0,Won
MIA,MAR-24-2024,79° to 80°,52,0,Lost
NY,MAR-25-2024,52° to 53°,44,0,Won
CHI,MAR-25-2024,60° to 61°,31,0,Lost
MIA,MAR-25-2024,80° to 81°,65,0,Won
NY,MAR-26-2024,48° to 49°,45,0,Lost
CHI,MAR-26-2024,60° or above,44,0,Lost
MIA,MAR-26-2024,82° to 83°,66,0,Won
NY,MAR-27-2024,56° to 57°,37,0,Lost
CHI,MAR-27-2024,45° to 46°,44,0,Lost
MIA,MAR-27-2024,84° to 85°,46,0,Lost
NY,MAR-28-2024,51° to 52°,40,0,Won
CHI,MAR-28-2024,54° or above,46,0,Lost
MIA,MAR-28-2024,85° to 86°,60,0,Lost
NY,MAR-29-2024,55° to 56°,49,0,Won
CHI,MAR-29-2024,56° or above,42,0,Lost
MIA,MAR-29-2024,79° to 80°,53,0,Won
NY,MAR-30-2024,59° to 60°,40,0,Lost
CHI,MAR-30-2024,61° to 62°,30,0,Lost
MIA,MAR-30-2024,79° to 80°,49,0,Won
NY,MAR-31-2024,61° to 62°,52,0,Won
CHI,MAR-31-2024,51° or above,43,0,Won
MIA,MAR-31-2024,81° to 82°,60,0,Lost
NY,APR-01-2024,52° to 53°,35,0,Lost
CHI,APR-01-2024,50° or above,64,0,Won
MIA,APR-01-2024,82° to 83°,61,0,Won
NY,APR-02-2024,51° to 52°,49,0,Won
CHI,APR-02-2024,46° or above,76,0,Won
MIA,APR-02-2024,85° to 86°,68,0,Won
NY,APR-03-2024,48° to 49°,45,0,Lost
CHI,APR-03-2024,43° or above,28,0,Lost
MIA,APR-03-2024,88° to 89°,46,0,Won
NY,APR-04-2024,49° to 50°,33,0,Lost
CHI,APR-04-2024,43° to 44°,33,0,Won
MIA,APR-04-2024,80° to 81°,51,0,Won
NY,APR-05-2024,49° to 50°,35,0,Won
CHI,APR-05-2024,46° to 47°,36,0,Lost
MIA,APR-05-2024,82° to 83°,59,0,Lost
NY,APR-06-2024,51° to 52°,38,0,Lost
CHI,APR-06-2024,53° or above,48,0,Won
MIA,APR-06-2024,83° to 84°,51,0,Lost
NY,APR-07-2024,55° to 56°,43,0,Lost
CHI,APR-07-2024,55° or above,55,0,Lost
MIA,APR-07-2024,81° to 82°,54,0,Won
NY,APR-08-2024,64° to 65°,40,0,Lost
CHI,APR-08-2024,71° or above,77,0,Won
MIA,APR-08-2024,78° to 79°,53,0,Lost
NY,APR-09-2024,74° to 75°,32,0,Lost
CHI,APR-09-2024,66° to 67°,36,0,Lost
MIA,APR-09-2024,81° to 82°,48,0,Won
NY,APR-10-2024,62° to 63°,41,0,Lost
CHI,APR-10-2024,65° to 66°,30,0,Lost
MIA,APR-10-2024,83° to 84°,56,0,Won
NY,APR-11-2024,66° to 67°,42,0,Lost
CHI,APR-11-2024,55° or above,60,0,Won
MIA,APR-11-2024,88° to 89°,60,0,Lost
NY,APR-12-2024,64° to 65°,39,0,Lost
CHI,APR-12-2024,61° to 62°,34,0,Lost
MIA,APR-12-2024,84° to 85°,56,0,Won
NY,APR-13-2024,56° to 57°,56,0,Won
CHI,APR-13-2024,73° or above,41,0,Lost
MIA,APR-13-2024,82° to 83°,65,0,Lost
NY,APR-14-2024,73° or above,40,0,Won
CHI,APR-14-2024,80° to 81°,35,0,Won
MIA,APR-14-2024,80° to 81°,64,0,Won
NY,APR-15-2024,76° or above,76,0,Won
CHI,APR-15-2024,73° to 74°,33,0,Won
MIA,APR-15-2024,81° to 82°,61,0,Won
NY,APR-16-2024,70° to 71°,32,0,Lost
CHI,APR-16-2024,71° or above,32,0,Won
MIA,APR-16-2024,81° to 82°,59,0,Lost
NY,APR-17-2024,63° to 64°,35,0,Lost
CHI,APR-17-2024,68° to 69°,33,0,Lost
MIA,APR-17-2024,83° to 84°,56,0,Won
NY,APR-18-2024,51° to 52°,47,0,Lost
CHI,APR-18-2024,59° to 60°,30,0,Won
MIA,APR-18-2024,84° to 85°,52,0,Won
NY,APR-19-2024,58° to 59°,42,0,Lost
CHI,APR-19-2024,60° to 61°,26,0,Lost
MIA,APR-19-2024,85° to 86°,62,0,Lost
NY,APR-20-2024,66° to 67°,39,0,Lost
CHI,APR-20-2024,52° to 53°,39,0,Lost
MIA,APR-20-2024,87° to 88°,60,0,Lost
NY,APR-21-2024,58° to 59°,42,0,Lost
CHI,APR-21-2024,60° to 61°,31,0,Lost
MIA,APR-21-2024,87° or above,53,0,Lost
NY,APR-22-2024,62° to 63°,32,0,Lost
CHI,APR-22-2024,66° to 67°,28,0,Lost
MIA,APR-22-2024,85° to 86°,51,0,Won
NY,APR-23-2024,63° to 64°,39,0,Lost
CHI,APR-23-2024,68° to 69°,27,0,Lost
MIA,APR-23-2024,81° to 82°,51,0,Won
NY,APR-24-2024,69° or above,73,0,Won
CHI,APR-24-2024,49° or above,60,0,Lost
MIA,APR-24-2024,81° to 82°,59,0,Won
NY,APR-25-2024,57° to 58°,31,0,Lost
CHI,APR-25-2024,61° or above,39,0,Lost
MIA,APR-25-2024,83° to 84°,60,0,Won
NY,APR-26-2024,62° to 63°,30,0,Lost
CHI,APR-26-2024,66° or above,28,0,Lost
MIA,APR-26-2024,83° to 84°,46,0,Won
NY,APR-27-2024,63° to 64°,28,0,Won
CHI,APR-27-2024,79° to 80°,30,0,Won
MIA,APR-27-2024,81° to 82°,50,0,Lost
NY,APR-28-2024,76° to 77°,35,0,Lost
CHI,APR-28-2024,75° to 76°,28,0,Lost
MIA,APR-28-2024,80° to 81°,55,0,Lost
NY,APR-29-2024,83° to 84°,29,0,Lost
CHI,APR-29-2024,73° to 74°,31,0,Lost
MIA,APR-29-2024,83° to 84°,49,0,Won
NY,APR-30-2024,66° or below,70,0,Won
CHI,APR-30-2024,76° or above,51,0,Lost
MIA,APR-30-2024,83° to 84°,63,0,Won
NY,MAY-01-2024,74° or above,72,0,Won
CHI,MAY-01-2024,76° to 77°,26,0,Lost
MIA,MAY-01-2024,84° to 85°,44,0,Won
NY,MAY-02-2024,84° to 85°,30,0,Lost
CHI,MAY-02-2024,79° or above,55,0,Won
MIA,MAY-02-2024,84° to 85°,44,0,Won
NY,MAY-03-2024,67° to 68°,34,0,Lost
CHI,MAY-03-2024,70° or above,71,0,Lost
MIA,MAY-03-2024,85° to 86°,53,0,Won
NY,MAY-04-2024,67° or above,51,0,Lost
CHI,MAY-04-2024,79° or above,75,0,Won
MIA,MAY-04-2024,85° to 86°,57,0,Won
NY,MAY-05-2024,59° to 60°,26,0,Lost
CHI,MAY-05-2024,63° to 64°,34,0,Lost
MIA,MAY-05-2024,85° to 86°,56,0,Won
NY,MAY-06-2024,72° or below,41,0,Lost
CHI,MAY-06-2024,73° or above,45,0,Lost
MIA,MAY-06-2024,87° or above,47,0,Lost
NY,MAY-07-2024,79° to 80°,28,0,Won
CHI,MAY-07-2024,74° to 75°,29,0,Lost
MIA,MAY-07-2024,87° to 88°,59,0,Lost
NY,MAY-08-2024,84° or above,45,0,Won
CHI,MAY-08-2024,79° to 80°,28,0,Lost
MIA,MAY-08-2024,88° to 89°,59,0,Lost
NY,MAY-09-2024,71° to 72°,40,0,Lost
CHI,MAY-09-2024,62° or above,38,0,Won
MIA,MAY-09-2024,90° or above,64,0,Lost
NY,MAY-10-2024,59° to 60°,52,0,Lost
CHI,MAY-10-2024,66° to 67°,28,0,Lost
MIA,MAY-10-2024,93° to 94°,50,0,Won
NY,MAY-11-2024,62° to 63°,30,0,Lost
CHI,MAY-11-2024,67° to 68°,28,0,Lost
MIA,MAY-11-2024,93° to 94°,43,0,Won
NY,MAY-12-2024,55° to 56°,28,0,Lost
CHI,MAY-12-2024,84° or above,45,0,Won
MIA,MAY-12-2024,91° to 92°,47,0,Won
NY,MAY-13-2024,70° to 71°,26,0,Lost
CHI,MAY-13-2024,81° or above,45,0,Won
MIA,MAY-13-2024,89° to 90°,48,0,Won
NY,MAY-14-2024,75° to 76°,28,0,Lost
CHI,MAY-14-2024,62° or above,54,0,Won
MIA,MAY-14-2024,90° to 91°,50,0,Won
NY,MAY-15-2024,65° to 66°,43,0,Lost
CHI,MAY-15-2024,67° to 68°,37,0,Lost
MIA,MAY-15-2024,95° to 96°,43,0,Won
NY,MAY-16-2024,67° to 68°,31,0,Lost
CHI,MAY-16-2024,76° to 77°,30,0,Won
MIA,MAY-16-2024,95° to 96°,56,0,Lost
NY,MAY-17-2024,74° to 75°,28,0,Lost
CHI,MAY-17-2024,77° or above,77,0,Won
MIA,MAY-17-2024,93° to 94°,59,0,Won
NY,MAY-18-2024,70° to 71°,31,0,Lost
CHI,MAY-18-2024,86° to 87°,28,0,Won
MIA,MAY-18-2024,94° to 95°,53,0,Won
NY,MAY-19-2024,71° to 72°,30,0,Lost
CHI,MAY-19-2024,77° to 78°,30,0,Won
MIA,MAY-19-2024,93° to 94°,51,0,Lost
NY,MAY-20-2024,73° to 74°,27,0,Won
CHI,MAY-20-2024,89° to 90°,30,0,Lost
MIA,MAY-20-2024,90° to 91°,26,0,Lost
NY,MAY-21-2024,80° or below,41,0,Lost
CHI,MAY-21-2024,89° to 90°,26,0,Lost
MIA,MAY-21-2024,89° to 90°,43,0,Lost
NY,MAY-22-2024,83° to 84°,30,0,Won
CHI,MAY-22-2024,78° to 79°,36,0,Lost
MIA,MAY-22-2024,90° to 91°,54,0,Lost
NY,MAY-23-2024,81° to 82°,34,0,Lost
CHI,MAY-23-2024,81° to 82°,32,0,Lost
MIA,MAY-23-2024,91° to 92°,51,0,Lost
NY,MAY-24-2024,85° to 86°,28,0,Lost
CHI,MAY-24-2024,87° or above,38,0,Lost
MIA,MAY-24-2024,91° to 92°,55,0,Won
NY,MAY-25-2024,80° to 81°,33,0,Won
CHI,MAY-25-2024,75° to 76°,28,0,Lost
MIA,MAY-25-2024,92° to 93°,46,0,Won
NY,MAY-26-2024,81° to 82°,29,0,Won
CHI,MAY-26-2024,75° to 76°,31,0,Won
MIA,MAY-26-2024,93° to 94°,55,0,Lost
NY,MAY-27-2024,73° to 74°,28,0,Won
CHI,MAY-27-2024,76° or above,44,0,Lost
MIA,MAY-27-2024,94° to 95°,53,0,Lost
NY,MAY-28-2024,82° to 83°,29,0,Lost
CHI,MAY-28-2024,71° to 72°,31,0,Lost
MIA,MAY-28-2024,93° to 94°,46,0,Lost
NY,MAY-29-2024,76° to 77°,27,0,Won
CHI,MAY-29-2024,69° to 70°,25,0,Lost
MIA,MAY-29-2024,94° to 95°,45,0,Won
NY,MAY-30-2024,71° to 72°,34,0,Won
CHI,MAY-30-2024,70° to 71°,27,0,Won
MIA,MAY-30-2024,91° to 92°,54,0,Lost
NY,MAY-31-2024,75° to 76°,27,0,Won
CHI,MAY-31-2024,81° to 82°,28,0,Won
MIA,MAY-31-2024,91° to 92°,45,0,Lost
NY,JUN-01-2024,84° to 85°,31,0,Lost
CHI,JUN-01-2024,68° to 69°,39,0,Won
MIA,JUN-01-2024,87° to 88°,50,0,Won
NY,JUN-02-2024,81° to 82°,38,0,Won
CHI,JUN-02-2024,75° to 76°,31,0,Won
MIA,JUN-02-2024,86° to 87°,54,0,Won
NY,JUN-03-2024,84° to 85°,34,0,Lost
CHI,JUN-03-2024,88° or above,49,0,Won
MIA,JUN-03-2024,87° to 88°,47,0,Won
NY,JUN-04-2024,78° to 79°,31,0,Won
CHI,JUN-04-2024,89° or above,54,0,Lost
MIA,JUN-04-2024,88° to 89°,44,0,Won
NY,JUN-05-2024,78° to 79°,31,0,Won
CHI,JUN-05-2024,82° to 83°,30,0,Lost
MIA,JUN-05-2024,91° to 92°,49,0,Lost
NY,JUN-06-2024,80° to 81°,37,0,Won
CHI,JUN-06-2024,77° to 78°,36,0,Lost
MIA,JUN-06-2024,92° or above,72,0,Won
NY,JUN-07-2024,82° to 83°,28,0,Won
CHI,JUN-07-2024,76° to 77°,28,0,Lost
MIA,JUN-07-2024,91° to 92°,50,0,Lost
NY,JUN-08-2024,78° to 79°,33,0,Lost
CHI,JUN-08-2024,75° to 76°,31,0,Lost
MIA,JUN-08-2024,90° to 91°,50,0,Won
NY,JUN-09-2024,78° to 79°,36,0,Lost
CHI,JUN-09-2024,81° or above,44,0,Won
MIA,JUN-09-2024,90° to 91°,43,0,Lost
NY,JUN-10-2024,74° to 75°,32,0,Won
CHI,JUN-10-2024,68° to 69°,34,0,Won
MIA,JUN-10-2024,88° to 89°,41,0,Lost
NY,JUN-11-2024,73° or below,48,0,Won
CHI,JUN-11-2024,78° to 79°,28,0,Won
MIA,JUN-11-2024,85° to 86°,39,0,Won
NY,JUN-12-2024,78° to 79°,30,0,Lost
CHI,JUN-12-2024,90° to 91°,31,0,Lost
MIA,JUN-12-2024,84° to 85°,52,0,Won
NY,JUN-13-2024,83° to 84°,30,0,Won
CHI,JUN-13-2024,91° to 92°,28,0,Won
MIA,JUN-13-2024,84° to 85°,40,0,Lost
NY,JUN-14-2024,84° to 85°,27,0,Won
CHI,JUN-14-2024,83° to 84°,30,0,Lost
MIA,JUN-14-2024,84° to 85°,50,0,Lost
NY,JUN-15-2024,80° to 81°,28,0,Won
CHI,JUN-15-2024,87° or above,42,0,Lost
MIA,JUN-15-2024,84° to 85°,44,0,Won
NY,JUN-16-2024,75° to 76°,27,0,Lost
CHI,JUN-16-2024,93° to 94°,27,0,Lost
MIA,JUN-16-2024,88° to 89°,39,0,Lost
NY,JUN-17-2024,84° to 85°,30,0,Lost
CHI,JUN-17-2024,97° to 98°,34,0,Won
MIA,JUN-17-2024,87° to 88°,37,0,Lost
NY,JUN-18-2024,86° to 87°,28,0,Won
CHI,JUN-18-2024,95° to 96°,28,0,Won
MIA,JUN-18-2024,91° or above,44,0,Lost
NY,JUN-19-2024,87° to 88°,32,0,Lost
CHI,JUN-19-2024,96° to 97°,28,0,Lost
MIA,JUN-19-2024,87° to 88°,38,0,Lost
NY,JUN-20-2024,91° to 92°,32,0,Won
CHI,JUN-20-2024,89° or below,38,0,Won
MIA,JUN-20-2024,88° to 89°,43,0,Won
NY,JUN-21-2024,92° to 93°,33,0,Lost
CHI,JUN-21-2024,92° to 93°,30,0,Lost
MIA,JUN-21-2024,90° to 91°,45,0,Won
NY,JUN-22-2024,92° to 93°,31,0,Won
CHI,JUN-22-2024,94° to 95°,30,0,Won
MIA,JUN-22-2024,89° to 90°,40,0,Won
NY,JUN-23-2024,93° to 94°,33,0,Lost
CHI,JUN-23-2024,82° to 83°,31,0,Won
MIA,JUN-23-2024,87° to 88°,41,0,Won
NY,JUN-24-2024,81° or below,39,0,Won
CHI,JUN-24-2024,88° or above,52,0,Won
MIA,JUN-24-2024,88° to 89°,46,0,Lost
NY,JUN-25-2024,89° to 90°,34,0,Won
CHI,JUN-25-2024,93° or above,66,0,Lost
MIA,JUN-25-2024,90° to 91°,47,0,Lost
NY,JUN-26-2024,92° or above,56,0,Won
CHI,JUN-26-2024,83° to 84°,31,0,Lost
MIA,JUN-26-2024,91° to 92°,37,0,Won
NY,JUN-27-2024,84° to 85°,34,0,Won
CHI,JUN-27-2024,74° to 75°,30,0,Lost
MIA,JUN-27-2024,91° to 92°,47,0,Lost
NY,JUN-28-2024,76° to 77°,31,0,Lost
CHI,JUN-28-2024,82° to 83°,28,0,Lost
MIA,JUN-28-2024,92° to 93°,47,0,Won
NY,JUN-29-2024,78° to 79°,36,0,Won
CHI,JUN-29-2024,92° or above,45,0,Lost
MIA,JUN-29-2024,91° to 92°,42,0,Won
NY,JUN-30-2024,85° to 86°,37,0,Won
CHI,JUN-30-2024,72° to 73°,40,0,Won
MIA,JUN-30-2024,89° to 90°,45,0,Lost
NY,JUL-01-2024,80° to 81°,33,0,Won
CHI,JUL-01-2024,77° to 78°,34,0,Lost
MIA,JUL-01-2024,90° to 91°,44,0,Lost
NY,JUL-02-2024,84° to 85°,33,0,Lost
CHI,JUL-02-2024,86° to 87°,30,0,Won
MIA,JUL-02-2024,89° to 90°,39,0,Lost
NY,JUL-03-2024,84° to 85°,34,0,Lost
CHI,JUL-03-2024,89° to 90°,32,0,Won
MIA,JUL-03-2024,92° to 93°,45,0,Lost
NY,JUL-04-2024,84° to 85°,31,0,Lost
CHI,JUL-04-2024,88° or above,49,0,Lost
MIA,JUL-04-2024,92° to 93°,47,0,Won
NY,JUL-05-2024,87° to 88°,34,0,Lost
CHI,JUL-05-2024,82° to 83°,28,0,Lost
MIA,JUL-05-2024,92° to 93°,41,0,Won
NY,JUL-06-2024,88° to 89°,34,0,Lost
CHI,JUL-06-2024,80° to 81°,31,0,Won
MIA,JUL-06-2024,92° to 93°,53,0,Lost
NY,JUL-07-2024,93° to 94°,34,0,Won
CHI,JUL-07-2024,87° to 88°,32,0,Lost
MIA,JUL-07-2024,92° to 93°,46,0,Won
NY,JUL-08-2024,92° to 93°,33,0,Lost
CHI,JUL-08-2024,85° to 86°,32,0,Lost
MIA,JUL-08-2024,94° to 95°,42,0,Lost
NY,JUL-09-2024,92° to 93°,36,0,Lost
CHI,JUL-09-2024,82° to 83°,28,0,Lost
MIA,JUL-09-2024,92° to 93°,47,0,Won
NY,JUL-10-2024,87° to 88°,30,0,Lost
CHI,JUL-10-2024,78° to 79°,28,0,Lost
MIA,JUL-10-2024,93° to 94°,45,0,Lost
NY,JUL-11-2024,89° to 90°,33,0,Won
CHI,JUL-11-2024,80° to 81°,28,0,Won
MIA,JUL-11-2024,88° to 89°,44,0,Lost
NY,JUL-12-2024,83° to 84°,31,0,Won
CHI,JUL-12-2024,85° to 86°,30,0,Won
MIA,JUL-12-2024,90° to 91°,51,0,Won
NY,JUL-13-2024,84° to 85°,30,0,Lost
CHI,JUL-13-2024,92° to 93°,30,0,Won
MIA,JUL-13-2024,90° to 91°,47,0,Won
NY,JUL-14-2024,92° to 93°,35,0,Lost
CHI,JUL-14-2024,92° to 93°,28,0,Lost
MIA,JUL-14-2024,92° to 93°,49,0,Won
NY,JUL-15-2024,95° to 96°,34,0,Lost
CHI,JUL-15-2024,94° to 95°,32,0,Lost
MIA,JUL-15-2024,91° to 92°,50,0,Lost
NY,JUL-16-2024,94° to 95°,33,0,Won
CHI,JUL-16-2024,87° to 88°,28,0,Won
MIA,JUL-16-2024,92° to 93°,50,0,Lost
NY,JUL-17-2024,93° to 94°,32,0,Lost
CHI,JUL-17-2024,81° to 82°,31,0,Lost
MIA,JUL-17-2024,92° to 93°,51,0,Won
NY,JUL-18-2024,86° to 87°,32,0,Won
CHI,JUL-18-2024,76° to 77°,31,0,Lost
MIA,JUL-18-2024,92° to 93°,49,0,Won
NY,JUL-19-2024,85° to 86°,32,0,Lost
CHI,JUL-19-2024,80° to 81°,32,0,Won
MIA,JUL-19-2024,92° to 93°,54,0,Won
NY,JUL-20-2024,86° to 87°,35,0,Lost
CHI,JUL-20-2024,82° to 83°,33,0,Lost
MIA,JUL-20-2024,91° to 92°,42,0,Won
NY,JUL-21-2024,86° to 87°,38,0,Lost
CHI,JUL-21-2024,84° to 85°,36,0,Won
MIA,JUL-21-2024,92° to 93°,51,0,Won
NY,JUL-22-2024,85° to 86°,39,0,Lost
CHI,JUL-22-2024,83° to 84°,36,0,Won
MIA,JUL-22-2024,89° to 90°,45,0,Won
NY,JUL-23-2024,84° to 85°,41,0,Lost
CHI,JUL-23-2024,86° to 87°,37,0,Won
MIA,JUL-23-2024,89° to 90°,51,0,Lost
NY,JUL-24-2024,81° to 82°,43,0,Won
CHI,JUL-24-2024,77° to 78°,31,0,Won
MIA,JUL-24-2024,92° to 93°,56,0,Won
NY,JUL-25-2024,85° to 86°,39,0,Lost
CHI,JUL-25-2024,78° to 79°,39,0,Won
MIA,JUL-25-2024,92° to 93°,46,0,Lost
NY,JUL-26-2024,85° to 86°,39,0,Lost
CHI,JUL-26-2024,82° to 83°,48,0,Lost
MIA,JUL-26-2024,92° to 93°,63,0,Won
NY,JUL-27-2024,85° to 86°,43,0,Lost
CHI,JUL-27-2024,87° to 88°,37,0,Lost
MIA,JUL-27-2024,91° to 92°,48,0,Lost
NY,JUL-28-2024,88° to 89°,41,0,Won
CHI,JUL-28-2024,81° to 82°,28,0,Lost
MIA,JUL-28-2024,92° to 93°,60,0,Won
NY,JUL-29-2024,82° to 83°,42,0,Lost
CHI,JUL-29-2024,83° to 84°,30,0,Lost
MIA,JUL-29-2024,90° to 91°,56,0,Lost
NY,JUL-30-2024,85° to 86°,43,0,Lost
CHI,JUL-30-2024,91° to 92°,35,0,Won
MIA,JUL-30-2024,90° to 91°,53,0,Lost
NY,JUL-31-2024,88° to 89°,37,0,Won
CHI,JUL-31-2024,90° to 91°,23,0,Lost
MIA,JUL-31-2024,92° to 93°,64,0,Won
NY,AUG-01-2024,95° to 96°,36,0,Won
CHI,AUG-01-2024,89° to 90°,35,0,Won
MIA,AUG-01-2024,93° to 94°,49,0,Won
NY,AUG-02-2024,90° to 91°,43,0,Lost
CHI,AUG-02-2024,85° or above,72,0,Won
MIA,AUG-02-2024,91° to 92°,52,0,Lost
NY,AUG-03-2024,90° to 91°,40,0,Lost
CHI,AUG-03-2024,89° to 90°,44,0,Lost
MIA,AUG-03-2024,87° to 88°,45,0,Lost
NY,AUG-04-2024,84° to 85°,34,0,Lost
CHI,AUG-04-2024,93° to 94°,30,0,Lost
MIA,AUG-04-2024,90° to 91°,53,0,Won
NY,AUG-05-2024,90° to 91°,37,0,Won
CHI,AUG-05-2024,88° or above,43,0,Won
MIA,AUG-05-2024,91° to 92°,42,0,Lost
NY,AUG-06-2024,87° or above,47,0,Won
CHI,AUG-06-2024,76° to 77°,35,0,Lost
MIA,AUG-06-2024,93° to 94°,38,0,Lost
NY,AUG-07-2024,74° to 75°,34,0,Lost
CHI,AUG-07-2024,80° or above,56,0,Lost
MIA,AUG-07-2024,94° to 95°,53,0,Won
NY,AUG-08-2024,72° to 73°,34,0,Lost
CHI,AUG-08-2024,86° or above,43,0,Lost
MIA,AUG-08-2024,94° to 95°,49,0,Lost
NY,AUG-09-2024,80° to 81°,38,0,Won
CHI,AUG-09-2024,79° or above,37,0,Lost
MIA,AUG-09-2024,92° to 93°,54,0,Lost
NY,AUG-10-2024,85° to 86°,38,0,Won
CHI,AUG-10-2024,78° to 79°,31,0,Lost
MIA,AUG-10-2024,93° to 94°,62,0,Won
NY,AUG-11-2024,83° to 84°,34,0,Lost
CHI,AUG-11-2024,81° to 82°,34,0,Lost
MIA,AUG-11-2024,92° to 93°,63,0,Won
NY,AUG-12-2024,79° to 80°,44,0,Lost
CHI,AUG-12-2024,81° to 82°,40,0,Won
MIA,AUG-12-2024,93° to 94°,66,0,Lost
NY,AUG-13-2024,81° to 82°,47,0,Won
CHI,AUG-13-2024,83° to 84°,36,0,Lost
MIA,AUG-13-2024,93° to 94°,61,0,Won
NY,AUG-14-2024,85° to 86°,54,0,Won
CHI,AUG-14-2024,86° to 87°,42,0,Won
MIA,AUG-14-2024,94° to 95°,56,0,Lost
NY,AUG-15-2024,87° to 88°,43,0,Lost
CHI,AUG-15-2024,79° to 80°,40,0,Lost
MIA,AUG-15-2024,93° to 94°,50,0,Lost
NY,AUG-16-2024,86° to 87°,46,0,Won
CHI,AUG-16-2024,88° to 89°,41,0,Won
MIA,AUG-16-2024,90° to 91°,44,0,Won
NY,AUG-17-2024,81° to 82°,44,0,Lost
CHI,AUG-17-2024,80° to 81°,43,0,Lost
MIA,AUG-17-2024,90° to 91°,54,0,Won
NY,AUG-18-2024,79° to 80°,46,0,Lost
CHI,AUG-18-2024,79° to 80°,44,0,Won
MIA,AUG-18-2024,90° to 91°,63,0,Lost
NY,AUG-19-2024,83° to 84°,50,0,Won
CHI,AUG-19-2024,76° to 77°,38,0,Won
MIA,AUG-19-2024,91° to 92°,45,0,Lost
NY,AUG-20-2024,74° to 75°,49,0,Lost
CHI,AUG-20-2024,73° to 74°,40,0,Won
MIA,AUG-20-2024,92° to 93°,37,0,Won
NY,AUG-21-2024,71° to 72°,45,0,Lost
CHI,AUG-21-2024,75° to 76°,44,0,Won
MIA,AUG-21-2024,93° to 94°,62,0,Lost
NY,AUG-22-2024,76° to 77°,54,0,Won
CHI,AUG-22-2024,80° to 81°,33,0,Won
MIA,AUG-22-2024,90° to 91°,52,0,Lost
NY,AUG-23-2024,81° to 82°,61,0,Lost
CHI,AUG-23-2024,83° to 84°,46,0,Lost
MIA,AUG-23-2024,90° to 91°,47,0,Won
NY,AUG-24-2024,83° to 84°,59,0,Won
CHI,AUG-24-2024,90° to 91°,39,0,Won
MIA,AUG-24-2024,90° to 91°,49,0,Lost
NY,AUG-25-2024,85° to 86°,49,0,Won
CHI,AUG-25-2024,92° or above,79,0,Won
MIA,AUG-25-2024,87° to 88°,53,0,Lost
NY,AUG-26-2024,85° to 86°,56,0,Won
CHI,AUG-26-2024,96° to 97°,50,0,Lost
MIA,AUG-26-2024,90° to 91°,59,0,Lost
NY,AUG-27-2024,83° to 84°,39,0,Lost
CHI,AUG-27-2024,98° to 99°,39,0,Won
MIA,AUG-27-2024,92° to 93°,48,0,Won
NY,AUG-28-2024,93° to 94°,48,0,Lost
CHI,AUG-28-2024,86° to 87°,45,0,Won
MIA,AUG-28-2024,91° to 92°,72,0,Lost
NY,AUG-29-2024,77° to 78°,33,0,Lost
CHI,AUG-29-2024,85° to 86°,40,0,Won
MIA,AUG-29-2024,91° to 92°,51,0,Lost
NY,AUG-30-2024,73° to 74°,42,0,Won
CHI,AUG-30-2024,88° to 89°,40,0,Lost
MIA,AUG-30-2024,89° to 90°,55,0,Won
NY,AUG-31-2024,80° to 81°,56,0,Lost
CHI,AUG-31-2024,85° to 86°,46,0,Won
MIA,AUG-31-2024,88° to 89°,53,0,Won
NY,SEP-01-2024,80° to 81°,37,0,Won
CHI,SEP-01-2024,75° to 76°,43,0,Lost
MIA,SEP-01-2024,89° to 90°,45,0,Lost
NY,SEP-02-2024,78° to 79°,55,0,Won
CHI,SEP-02-2024,74° to 75°,51,0,Won
MIA,SEP-02-2024,88° to 89°,60,0,Lost
NY,SEP-03-2024,74° to 75°,59,0,Won
CHI,SEP-03-2024,78° to 79°,46,0,Won
MIA,SEP-03-2024,89° to 90°,65,0,Won
NY,SEP-04-2024,77° to 78°,50,0,Won
CHI,SEP-04-2024,84° to 85°,46,0,Won
MIA,SEP-04-2024,92° to 93°,48,0,Lost
NY,SEP-05-2024,76° to 77°,57,0,Won
CHI,SEP-05-2024,88° to 89°,54,0,Lost
MIA,SEP-05-2024,92° to 93°,56,0,Lost
NY,SEP-06-2024,76° to 77°,57,0,Lost
CHI,SEP-06-2024,72° to 73°,49,0,Won
MIA,SEP-06-2024,91° to 92°,72,0,Won
NY,SEP-07-2024,74° to 75°,30,0,Lost
CHI,SEP-07-2024,65° to 66°,53,0,Lost
MIA,SEP-07-2024,92° to 93°,47,0,Lost
NY,SEP-08-2024,71° to 72°,49,0,Lost
CHI,SEP-08-2024,75° to 76°,42,0,Lost
MIA,SEP-08-2024,92° to 93°,46,0,Lost
NY,SEP-09-2024,76° to 77°,44,0,Lost
CHI,SEP-09-2024,82° to 83°,42,0,Won
MIA,SEP-09-2024,90° to 91°,68,0,Lost
NY,SEP-10-2024,77° to 78°,52,0,Won
CHI,SEP-10-2024,85° to 86°,38,0,Lost
MIA,SEP-10-2024,90° to 91°,51,0,Lost
NY,SEP-11-2024,77° to 78°,44,0,Lost
CHI,SEP-11-2024,88° to 89°,48,0,Won
MIA,SEP-11-2024,91° to 92°,51,0,Lost
NY,SEP-12-2024,78° to 79°,50,0,Lost
CHI,SEP-12-2024,85° to 86°,45,0,Lost
MIA,SEP-12-2024,92° to 93°,40,0,Won
NY,SEP-13-2024,80° to 81°,46,0,Lost
CHI,SEP-13-2024,84° to 85°,53,0,Won
MIA,SEP-13-2024,93° to 94°,43,0,Lost
NY,SEP-14-2024,82° to 83°,57,0,Won
CHI,SEP-14-2024,87° to 88°,56,0,Won
MIA,SEP-14-2024,93° to 94°,50,0,Won
NY,SEP-15-2024,79° to 80°,53,0,Won
CHI,SEP-15-2024,89° to 90°,48,0,Won
MIA,SEP-15-2024,92° to 93°,61,0,Lost
NY,SEP-16-2024,77° to 78°,59,0,Won
CHI,SEP-16-2024,88° to 89°,41,0,Lost
MIA,SEP-16-2024,92° to 93°,50,0,Lost
NY,SEP-17-2024,78° to 79°,51,0,Won
CHI,SEP-17-2024,85° to 86°,42,0,Won
MIA,SEP-17-2024,92° to 93°,50,0,Won
NY,SEP-18-2024,74° to 75°,37,0,Won
CHI,SEP-18-2024,87° or above,43,0,Won
MIA,SEP-18-2024,91° to 92°,47,0,Lost
NY,SEP-19-2024,80° or above,61,0,Won
CHI,SEP-19-2024,90° to 91°,42,0,Won
MIA,SEP-19-2024,92° to 93°,58,0,Lost
NY,SEP-20-2024,80° or above,57,0,Won
CHI,SEP-20-2024,88° or above,49,0,Won
MIA,SEP-20-2024,90° to 91°,46,0,Lost
NY,SEP-21-2024,76° to 77°,42,0,Lost
CHI,SEP-21-2024,93° or above,56,0,Won
MIA,SEP-21-2024,91° to 92°,55,0,Won
NY,SEP-22-2024,75° to 76°,42,0,Lost
CHI,SEP-22-2024,77° or above,48,0,Won
MIA,SEP-22-2024,91° to 92°,63,0,Won
NY,SEP-23-2024,69° to 70°,32,0,Lost
CHI,SEP-23-2024,71° to 72°,34,0,Lost
MIA,SEP-23-2024,92° to 93°,60,0,Lost
NY,SEP-24-2024,68° to 69°,40,0,Won
CHI,SEP-24-2024,68° to 69°,36,0,Won
MIA,SEP-24-2024,91° to 92°,47,0,Won
NY,SEP-25-2024,66° to 67°,42,0,Lost
CHI,SEP-25-2024,77° or above,34,0,Won
MIA,SEP-25-2024,89° to 90°,55,0,Won
NY,SEP-26-2024,74° to 75°,48,0,Won
CHI,SEP-26-2024,79° or above,56,0,Lost
MIA,SEP-26-2024,88° to 89°,60,0,Lost
NY,SEP-27-2024,74° to 75°,55,0,Won
CHI,SEP-27-2024,77° to 78°,32,0,Lost
MIA,SEP-27-2024,90° to 91°,60,0,Won
NY,SEP-28-2024,70° to 71°,52,0,Lost
CHI,SEP-28-2024,71° to 72°,32,0,Lost
MIA,SEP-28-2024,93° to 94°,54,0,Won
NY,SEP-29-2024,66° to 67°,47,0,Lost
CHI,SEP-29-2024,75° to 76°,49,0,Lost
MIA,SEP-29-2024,93° to 94°,57,0,Lost
NY,SEP-30-2024,71° to 72°,51,0,Won
CHI,SEP-30-2024,78° to 79°,35,0,Won
MIA,SEP-30-2024,92° to 93°,61,0,Lost
NY,OCT-01-2024,68° to 69°,40,0,Won
CHI,OCT-01-2024,70° to 71°,38,0,Won
MIA,OCT-01-2024,92° to 93°,44,0,Lost
NY,OCT-02-2024,68° to 69°,46,0,Won
CHI,OCT-02-2024,72° to 73°,38,0,Won
MIA,OCT-02-2024,90° to 91°,51,0,Lost
NY,OCT-03-2024,72° to 73°,51,0,Won
CHI,OCT-03-2024,78° to 79°,47,0,Lost
MIA,OCT-03-2024,90° to 91°,44,0,Won
NY,OCT-04-2024,74° to 75°,52,0,Lost
CHI,OCT-04-2024,72° to 73°,45,0,Won
MIA,OCT-04-2024,89° to 90°,53,0,Lost
NY,OCT-05-2024,75° to 76°,57,0,Won
CHI,OCT-05-2024,82° to 83°,39,0,Lost
MIA,OCT-05-2024,88° to 89°,54,0,Lost
NY,OCT-06-2024,71° to 72°,46,0,Won
CHI,OCT-06-2024,76° or above,61,0,Lost
MIA,OCT-06-2024,84° to 85°,40,0,Lost
NY,OCT-07-2024,72° to 73°,48,0,Lost
CHI,OCT-07-2024,68° to 69°,47,0,Won
MIA,OCT-07-2024,83° to 84°,33,0,Won
NY,OCT-08-2024,68° to 69°,45,0,Won
CHI,OCT-08-2024,74° to 75°,45,0,Won
MIA,OCT-08-2024,84° to 85°,41,0,Lost
NY,OCT-09-2024,65° to 66°,43,0,Lost
CHI,OCT-09-2024,73° to 74°,49,0,Lost
MIA,OCT-09-2024,87° to 88°,43,0,Won
NY,OCT-10-2024,59° to 60°,38,0,Lost
CHI,OCT-10-2024,71° to 72°,49,0,Won
MIA,OCT-10-2024,87° to 88°,46,0,Won
NY,OCT-11-2024,68° to 69°,53,0,Won
CHI,OCT-11-2024,83° to 84°,48,0,Won
MIA,OCT-11-2024,86° to 87°,54,0,Lost
NY,OCT-12-2024,73° to 74°,49,0,Won
CHI,OCT-12-2024,69° to 70°,47,0,Won
MIA,OCT-12-2024,85° to 86°,52,0,Lost
NY,OCT-13-2024,73° or above,86,0,Lost
CHI,OCT-13-2024,67° to 68°,44,0,Won
MIA,OCT-13-2024,83° to 84°,41,0,Lost
NY,OCT-14-2024,65° to 66°,63,0,Won
CHI,OCT-14-2024,57° to 58°,51,0,Won
MIA,OCT-14-2024,86° to 87°,48,0,Lost
NY,OCT-15-2024,58° to 59°,38,0,Lost
CHI,OCT-15-2024,50° to 51°,43,0,Lost
MIA,OCT-15-2024,88° to 89°,51,0,Lost
NY,OCT-16-2024,55° to 56°,43,0,Lost
CHI,OCT-16-2024,56° to 57°,51,0,Lost
MIA,OCT-16-2024,85° to 86°,45,0,Lost
NY,OCT-17-2024,59° to 60°,52,0,Lost
CHI,OCT-17-2024,64° to 65°,47,0,Won
MIA,OCT-17-2024,81° to 82°,42,0,Won
NY,OCT-18-2024,65° to 66°,47,0,Won
CHI,OCT-18-2024,68° to 69°,45,0,Won
MIA,OCT-18-2024,81° to 82°,49,0,Lost
NY,OCT-19-2024,69° to 70°,45,0,Lost
CHI,OCT-19-2024,71° to 72°,40,0,Won
MIA,OCT-19-2024,83° to 84°,41,0,Won
NY,OCT-20-2024,74° to 75°,39,0,Lost
CHI,OCT-20-2024,78° to 79°,50,0,Won
MIA,OCT-20-2024,84° to 85°,49,0,Lost
